 0.00000000e+00  0.00000000e+00  0.00000000e+00  1.64991924e+00  0.00000000e+00  1.64990091e+00  0.00000000e+00  1.64991742e+00 
 1.00000000e-07  1.00000000e-07  1.00000000e-07  1.64991535e+00  1.00000000e-07 -1.87851540e+00  1.00000000e-07  1.64991389e+00 
 1.02795595e-07  1.02795595e-07  1.02795595e-07  1.64991526e+00  1.02795595e-07 -1.81351590e+00  1.02795595e-07  1.64991379e+00 
 1.08386784e-07  1.08386784e-07  1.08386784e-07  1.64991506e+00  1.08386784e-07 -1.89928584e+00  1.08386784e-07  1.64991360e+00 
 1.19569163e-07  1.19569163e-07  1.19569163e-07  1.64991468e+00  1.19569163e-07 -1.74969816e+00  1.19569163e-07  1.64991321e+00 
 1.32405745e-07  1.32405745e-07  1.32405745e-07  1.64991421e+00  1.32405745e-07 -1.96657550e+00  1.32405745e-07  1.64991276e+00 
 1.53980939e-07  1.53980939e-07  1.53980939e-07  1.64991349e+00  1.53980939e-07 -1.68294521e+00  1.53980939e-07  1.64991201e+00 
 1.78357507e-07  1.78357507e-07  1.78357507e-07  1.64991260e+00  1.78357507e-07 -2.02719678e+00  1.78357507e-07  1.64991115e+00 
 2.09896943e-07  2.09896943e-07  2.09896943e-07  1.64991154e+00  2.09896943e-07 -1.62310251e+00  2.09896943e-07  1.64991005e+00 
 2.47073097e-07  2.47073097e-07  2.47073097e-07  1.64991019e+00  2.47073097e-07 -2.08320514e+00  2.47073097e-07  1.64990875e+00 
 2.92037754e-07  2.92037754e-07  2.92037754e-07  1.64990868e+00  2.92037754e-07 -1.57027356e+00  2.92037754e-07  1.64990719e+00 
 3.51402613e-07  3.51402613e-07  3.51402613e-07  1.64990654e+00  3.51402613e-07 -2.12953353e+00  3.51402613e-07  1.64990511e+00 
 4.30108682e-07  4.30108682e-07  4.30108682e-07  1.64990386e+00  4.30108682e-07 -1.53252815e+00  4.30108682e-07  1.64990236e+00 
 5.43830097e-07  5.43830097e-07  5.43830097e-07  1.64989982e+00  5.43830097e-07 -2.15869666e+00  5.43830097e-07  1.64989839e+00 
 7.21369306e-07  7.21369306e-07  7.21369306e-07  1.64989369e+00  7.21369306e-07 -1.51229588e+00  7.21369306e-07  1.64989219e+00 
 1.02403245e-06  1.02403245e-06  1.02403245e-06  1.64988304e+00  1.02403245e-06 -2.17178127e+00  1.02403245e-06  1.64988161e+00 
 1.60641245e-06  1.60641245e-06  1.60641245e-06  1.64986278e+00  1.60641245e-06 -1.50514257e+00  1.60641245e-06  1.64986128e+00 
 2.77117246e-06  2.77117246e-06  2.77117246e-06  1.64982201e+00  2.77117246e-06 -2.17590196e+00  2.77117246e-06  1.64982058e+00 
 5.10069248e-06  5.10069248e-06  5.10069248e-06  1.64974072e+00  5.10069248e-06 -1.50316065e+00  5.10069248e-06  1.64973922e+00 
 9.75973252e-06  9.75973252e-06  9.75973252e-06  1.64957797e+00  9.75973252e-06 -2.17413019e+00  9.75973252e-06  1.64957654e+00 
 1.90778126e-05  1.90778126e-05  1.90778126e-05  1.64925347e+00  1.90778126e-05 -1.48676323e+00  1.90778126e-05  1.64925197e+00 
 2.90778126e-05  2.90778126e-05  2.90778126e-05  1.64890726e+00  2.90778126e-05 -2.13127942e+00  2.90778126e-05  1.64890583e+00 
 3.90778126e-05  3.90778126e-05  3.90778126e-05  1.64856482e+00  3.90778126e-05 -1.41513408e+00  3.90778126e-05  1.64856332e+00 
 4.90778126e-05  4.90778126e-05  4.90778126e-05  1.64822720e+00  4.90778126e-05 -2.03327316e+00  4.90778126e-05  1.64822575e+00 
 5.90778126e-05  5.90778126e-05  5.90778126e-05  1.64789601e+00  5.90778126e-05 -1.28992506e+00  5.90778126e-05  1.64789449e+00 
 6.90778126e-05  6.90778126e-05  6.90778126e-05  1.64757228e+00  6.90778126e-05 -1.88257546e+00  6.90778126e-05  1.64757082e+00 
 7.90778126e-05  7.90778126e-05  7.90778126e-05  1.64725757e+00  7.90778126e-05 -1.11309615e+00  7.90778126e-05  1.64725603e+00 
 8.90778126e-05  8.90778126e-05  8.90778126e-05  1.64695282e+00  8.90778126e-05 -1.68156380e+00  8.90778126e-05  1.64695134e+00 
 9.90778126e-05  9.90778126e-05  9.90778126e-05  1.64665954e+00  9.90778126e-05 -8.87389993e-01  9.90778126e-05  1.64665798e+00 
 1.09077813e-04  1.09077813e-04  1.09077813e-04  1.64637858e+00  1.09077813e-04 -1.43340717e+00  1.09077813e-04  1.64637708e+00 
 1.19077813e-04  1.19077813e-04  1.19077813e-04  1.64611137e+00  1.19077813e-04 -6.16146743e-01  1.19077813e-04  1.64610979e+00 
 1.29077813e-04  1.29077813e-04  1.29077813e-04  1.64585864e+00  1.29077813e-04 -1.14200941e+00  1.29077813e-04  1.64585711e+00 
 1.39077813e-04  1.39077813e-04  1.39077813e-04  1.64562171e+00  1.39077813e-04 -3.03676070e-01  1.39077813e-04  1.64562010e+00 
 1.49077813e-04  1.49077813e-04  1.49077813e-04  1.64540120e+00  1.49077813e-04 -8.11878551e-01  1.49077813e-04  1.64539964e+00 
 1.59077813e-04  1.59077813e-04  1.59077813e-04  1.64519830e+00  1.59077813e-04  4.49501555e-02  1.59077813e-04  1.64519665e+00 
 1.69077813e-04  1.69077813e-04  1.69077813e-04  1.64501351e+00  1.69077813e-04 -4.47880256e-01  1.69077813e-04  1.64501191e+00 
 1.79077813e-04  1.79077813e-04  1.79077813e-04  1.64484786e+00  1.79077813e-04  4.24236522e-01  1.79077813e-04  1.64484617e+00 
 1.89077813e-04  1.89077813e-04  1.89077813e-04  1.64470170e+00  1.89077813e-04 -5.60825696e-02  1.89077813e-04  1.64470006e+00 
 1.99077813e-04  1.99077813e-04  1.99077813e-04  1.64457591e+00  1.99077813e-04  8.28206226e-01  1.99077813e-04  1.64457418e+00 
 2.09077813e-04  2.09077813e-04  2.09077813e-04  1.64447069e+00  2.09077813e-04  3.57257443e-01  2.09077813e-04  1.64446901e+00 
 2.19077813e-04  2.19077813e-04  2.19077813e-04  1.64438675e+00  2.19077813e-04  1.25049319e+00  2.19077813e-04  1.64438498e+00 
 2.29077813e-04  2.29077813e-04  2.29077813e-04  1.64432412e+00  2.29077813e-04  7.85616339e-01  2.29077813e-04  1.64432240e+00 
 2.39077813e-04  2.39077813e-04  2.39077813e-04  1.64428336e+00  2.39077813e-04  1.68444247e+00  2.39077813e-04  1.64428155e+00 
 2.49077813e-04  2.49077813e-04  2.49077813e-04  1.64426432e+00  2.49077813e-04  1.22223387e+00  2.49077813e-04  1.64426255e+00 
 2.59077813e-04  2.59077813e-04  2.59077813e-04  1.64426737e+00  2.59077813e-04  2.12321519e+00  2.59077813e-04  1.64426551e+00 
 2.69077813e-04  2.69077813e-04  2.69077813e-04  1.64429221e+00  2.69077813e-04  1.66021955e+00  2.69077813e-04  1.64429040e+00 
 2.79077813e-04  2.79077813e-04  2.79077813e-04  1.64433903e+00  2.79077813e-04  2.55989642e+00  2.79077813e-04  1.64433713e+00 
 2.89077813e-04  2.89077813e-04  2.89077813e-04  1.64440736e+00  2.89077813e-04  2.09266128e+00  2.89077813e-04  1.64440550e+00 
 2.99077813e-04  2.99077813e-04  2.99077813e-04  1.64449721e+00  2.99077813e-04  2.98760422e+00  2.99077813e-04  1.64449527e+00 
 3.09077813e-04  3.09077813e-04  3.09077813e-04  1.64460795e+00  3.09077813e-04  2.51273443e+00  3.09077813e-04  1.64460605e+00 
 3.19077813e-04  3.19077813e-04  3.19077813e-04  1.64473942e+00  3.19077813e-04  3.39959818e+00  3.19077813e-04  1.64473744e+00 
 3.29077813e-04  3.29077813e-04  3.29077813e-04  1.64489082e+00  3.29077813e-04  2.91380941e+00  3.29077813e-04  1.64488888e+00 
 3.39077813e-04  3.39077813e-04  3.39077813e-04  1.64506184e+00  3.39077813e-04  3.78938555e+00  3.39077813e-04  1.64505982e+00 
 3.49077813e-04  3.49077813e-04  3.49077813e-04  1.64525151e+00  3.49077813e-04  3.28955622e+00  3.49077813e-04  1.64524954e+00 
 3.59077813e-04  3.59077813e-04  3.59077813e-04  1.64545937e+00  3.59077813e-04  4.15071242e+00  3.59077813e-04  1.64545731e+00 
 3.69077813e-04  3.69077813e-04  3.69077813e-04  1.64568432e+00  3.69077813e-04  3.63404429e+00  3.69077813e-04  1.64568231e+00 
 3.79077813e-04  3.79077813e-04  3.79077813e-04  1.64592573e+00  3.79077813e-04  4.47761652e+00  3.79077813e-04  1.64592364e+00 
 3.89077813e-04  3.89077813e-04  3.89077813e-04  1.64618238e+00  3.89077813e-04  3.94183218e+00  3.89077813e-04  1.64618034e+00 
 3.99077813e-04  3.99077813e-04  3.99077813e-04  1.64645353e+00  3.99077813e-04  4.76530023e+00  3.99077813e-04  1.64645141e+00 
 4.09077813e-04  4.09077813e-04  4.09077813e-04  1.64673783e+00  4.09077813e-04  4.20789060e+00  4.09077813e-04  1.64673576e+00 
 4.19077813e-04  4.19077813e-04  4.19077813e-04  1.64703444e+00  4.19077813e-04  5.00930264e+00  4.19077813e-04  1.64703229e+00 
 4.29077813e-04  4.29077813e-04  4.29077813e-04  1.64734189e+00  4.29077813e-04  4.42803096e+00  4.29077813e-04  1.64733980e+00 
 4.39077813e-04  4.39077813e-04  4.39077813e-04  1.64765928e+00  4.39077813e-04  5.20579214e+00  4.39077813e-04  1.64765711e+00 
 4.49077813e-04  4.49077813e-04  4.49077813e-04  1.64798504e+00  4.49077813e-04  4.59897334e+00  4.49077813e-04  1.64798294e+00 
 4.59077813e-04  4.59077813e-04  4.59077813e-04  1.64831821e+00  4.59077813e-04  5.35168104e+00  4.59077813e-04  1.64831602e+00 
 4.69077813e-04  4.69077813e-04  4.69077813e-04  1.64865715e+00  4.69077813e-04  4.71805139e+00  4.69077813e-04  1.64865503e+00 
 4.79077813e-04  4.79077813e-04  4.79077813e-04  1.64900084e+00  4.79077813e-04  5.44467551e+00  4.79077813e-04  1.64899865e+00 
 4.89077813e-04  4.89077813e-04  4.89077813e-04  1.64934763e+00  4.89077813e-04  4.78339197e+00  4.89077813e-04  1.64934550e+00 
 4.99077813e-04  4.99077813e-04  4.99077813e-04  1.64969644e+00  4.99077813e-04  5.48331604e+00  4.99077813e-04  1.64969424e+00 
 5.09077813e-04  5.09077813e-04  5.09077813e-04  1.65004560e+00  5.09077813e-04  4.79396234e+00  5.09077813e-04  1.65004347e+00 
 5.19077813e-04  5.19077813e-04  5.19077813e-04  1.65039404e+00  5.19077813e-04  5.46699581e+00  5.19077813e-04  1.65039184e+00 
 5.29077813e-04  5.29077813e-04  5.29077813e-04  1.65074007e+00  5.29077813e-04  4.74959134e+00  5.29077813e-04  1.65073795e+00 
 5.39077813e-04  5.39077813e-04  5.39077813e-04  1.65108265e+00  5.39077813e-04  5.39597925e+00  5.39077813e-04  1.65108046e+00 
 5.49077813e-04  5.49077813e-04  5.49077813e-04  1.65142011e+00  5.49077813e-04  4.65097222e+00  5.49077813e-04  1.65141799e+00 
 5.59077813e-04  5.59077813e-04  5.59077813e-04  1.65175143e+00  5.59077813e-04  5.27138628e+00  5.59077813e-04  1.65174925e+00 
 5.69077813e-04  5.69077813e-04  5.69077813e-04  1.65207500e+00  5.69077813e-04  4.49964988e+00  5.69077813e-04  1.65207290e+00 
 5.79077813e-04  5.79077813e-04  5.79077813e-04  1.65238985e+00  5.79077813e-04  5.09519058e+00  5.79077813e-04  1.65238769e+00 
 5.89077813e-04  5.89077813e-04  5.89077813e-04  1.65269443e+00  5.89077813e-04  4.29798652e+00  5.89077813e-04  1.65269235e+00 
 5.99077813e-04  5.99077813e-04  5.99077813e-04  1.65298785e+00  5.99077813e-04  4.87016944e+00  5.99077813e-04  1.65298571e+00 
 6.09077813e-04  6.09077813e-04  6.09077813e-04  1.65326863e+00  6.09077813e-04  4.04904846e+00  6.09077813e-04  1.65326657e+00 
 6.19077813e-04  6.19077813e-04  6.19077813e-04  1.65353599e+00  6.19077813e-04  4.59986896e+00  6.19077813e-04  1.65353388e+00 
 6.29077813e-04  6.29077813e-04  6.29077813e-04  1.65378854e+00  6.29077813e-04  3.75656056e+00  6.29077813e-04  1.65378651e+00 
 6.39077813e-04  6.39077813e-04  6.39077813e-04  1.65402562e+00  6.39077813e-04  4.28852460e+00  6.39077813e-04  1.65402354e+00 
 6.49077813e-04  6.49077813e-04  6.49077813e-04  1.65424595e+00  6.49077813e-04  3.42535129e+00  6.49077813e-04  1.65424395e+00 
 6.59077813e-04  6.59077813e-04  6.59077813e-04  1.65444899e+00  6.59077813e-04  3.94079995e+00  6.59077813e-04  1.65444694e+00 
 6.69077813e-04  6.69077813e-04  6.69077813e-04  1.65463362e+00  6.69077813e-04  3.06066915e+00  6.69077813e-04  1.65463166e+00 
 6.79077813e-04  6.79077813e-04  6.79077813e-04  1.65479941e+00  6.79077813e-04  3.56212774e+00  6.79077813e-04  1.65479740e+00 
 6.89077813e-04  6.89077813e-04  6.89077813e-04  1.65494540e+00  6.89077813e-04  2.66826055e+00  6.89077813e-04  1.65494348e+00 
 6.99077813e-04  6.99077813e-04  6.99077813e-04  1.65507132e+00  6.99077813e-04  3.15876905e+00  6.99077813e-04  1.65506935e+00 
 7.09077813e-04  7.09077813e-04  7.09077813e-04  1.65517638e+00  7.09077813e-04  2.25430913e+00  7.09077813e-04  1.65517450e+00 
 7.19077813e-04  7.19077813e-04  7.19077813e-04  1.65526045e+00  7.19077813e-04  2.73709365e+00  7.19077813e-04  1.65525853e+00 
 7.29077813e-04  7.29077813e-04  7.29077813e-04  1.65532291e+00  7.29077813e-04  1.82533829e+00  7.29077813e-04  1.65532108e+00 
 7.39077813e-04  7.39077813e-04  7.39077813e-04  1.65536382e+00  7.39077813e-04  2.30375648e+00  7.39077813e-04  1.65536193e+00 
 7.49077813e-04  7.49077813e-04  7.49077813e-04  1.65538269e+00  7.49077813e-04  1.38810827e+00  7.49077813e-04  1.65538090e+00 
 7.59077813e-04  7.59077813e-04  7.59077813e-04  1.65537978e+00  7.59077813e-04  1.86559640e+00  7.59077813e-04  1.65537794e+00 
 7.69077813e-04  7.69077813e-04  7.69077813e-04  1.65535477e+00  7.69077813e-04  9.49509557e-01  7.69077813e-04  1.65535302e+00 
 7.79077813e-04  7.79077813e-04  7.79077813e-04  1.65530809e+00  7.79077813e-04  1.42952836e+00  7.79077813e-04  1.65530629e+00 
 7.89077813e-04  7.89077813e-04  7.89077813e-04  1.65523959e+00  7.89077813e-04  5.16454240e-01  7.89077813e-04  1.65523789e+00 
 7.99077813e-04  7.99077813e-04  7.99077813e-04  1.65514987e+00  7.99077813e-04  1.00243430e+00  7.99077813e-04  1.65514812e+00 
 8.09077813e-04  8.09077813e-04  8.09077813e-04  1.65503897e+00  8.09077813e-04  9.57669591e-02  8.09077813e-04  1.65503731e+00 
 8.19077813e-04  8.19077813e-04  8.19077813e-04  1.65490763e+00  8.19077813e-04  5.91054627e-01  8.19077813e-04  1.65490592e+00 
 8.29077813e-04  8.29077813e-04  8.29077813e-04  1.65475607e+00  8.29077813e-04 -3.05922686e-01  8.29077813e-04  1.65475444e+00 
 8.39077813e-04  8.39077813e-04  8.39077813e-04  1.65458519e+00  8.39077813e-04  2.01881955e-01  8.39077813e-04  1.65458351e+00 
 8.49077813e-04  8.49077813e-04  8.49077813e-04  1.65439535e+00  8.49077813e-04 -6.82275961e-01  8.49077813e-04  1.65439376e+00 
 8.59077813e-04  8.59077813e-04  8.59077813e-04  1.65418762e+00  8.59077813e-04 -1.58941336e-01  8.59077813e-04  1.65418598e+00 
 8.69077813e-04  8.69077813e-04  8.69077813e-04  1.65396252e+00  8.69077813e-04 -1.02703378e+00  8.69077813e-04  1.65396097e+00 
 8.79077813e-04  8.79077813e-04  8.79077813e-04  1.65372123e+00  8.79077813e-04 -4.85719750e-01  8.79077813e-04  1.65371963e+00 
 8.89077813e-04  8.89077813e-04  8.89077813e-04  1.65346443e+00  8.89077813e-04 -1.33491949e+00  8.89077813e-04  1.65346291e+00 
 8.99077813e-04  8.99077813e-04  8.99077813e-04  1.65319341e+00  8.99077813e-04 -7.73251253e-01  8.99077813e-04  1.65319183e+00 
 9.09077813e-04  9.09077813e-04  9.09077813e-04  1.65290895e+00  9.09077813e-04 -1.60129072e+00  9.09077813e-04  1.65290745e+00 
 9.19077813e-04  9.19077813e-04  9.19077813e-04  1.65261247e+00  9.19077813e-04 -1.01678798e+00  9.19077813e-04  1.65261092e+00 
 9.29077813e-04  9.29077813e-04  9.29077813e-04  1.65230485e+00  9.29077813e-04 -1.82197731e+00  9.29077813e-04  1.65230338e+00 
 9.39077813e-04  9.39077813e-04  9.39077813e-04  1.65198760e+00  9.39077813e-04 -1.21270243e+00  9.39077813e-04  1.65198607e+00 
 9.49077813e-04  9.49077813e-04  9.49077813e-04  1.65166167e+00  9.49077813e-04 -1.99351148e+00  9.49077813e-04  1.65166022e+00 
 9.59077813e-04  9.59077813e-04  9.59077813e-04  1.65132865e+00  9.59077813e-04 -1.35799217e+00  9.59077813e-04  1.65132713e+00 
 9.69077813e-04  9.69077813e-04  9.69077813e-04  1.65098953e+00  9.69077813e-04 -2.11319530e+00  9.69077813e-04  1.65098809e+00 
 9.79077813e-04  9.79077813e-04  9.79077813e-04  1.65064598e+00  9.79077813e-04 -1.45037726e+00  9.79077813e-04  1.65064447e+00 
 9.89077813e-04  9.89077813e-04  9.89077813e-04  1.65029903e+00  9.89077813e-04 -2.17914852e+00  9.89077813e-04  1.65029759e+00 
 9.99077813e-04  9.99077813e-04  9.99077813e-04  1.64995035e+00  9.99077813e-04 -1.48840146e+00  9.99077813e-04  1.64994885e+00 
 1.00907781e-03  1.00907781e-03  1.00907781e-03  1.64960103e+00  1.00907781e-03 -2.19033794e+00  1.00907781e-03  1.64959960e+00 
 1.01907781e-03  1.01907781e-03  1.01907781e-03  1.64925273e+00  1.01907781e-03 -1.47146157e+00  1.01907781e-03  1.64925123e+00 
 1.02907781e-03  1.02907781e-03  1.02907781e-03  1.64890652e+00  1.02907781e-03 -2.14658978e+00  1.02907781e-03  1.64890509e+00 
 1.03907781e-03  1.03907781e-03  1.03907781e-03  1.64856409e+00  1.03907781e-03 -1.39981919e+00  1.03907781e-03  1.64856258e+00 
 1.04907781e-03  1.04907781e-03  1.04907781e-03  1.64822645e+00  1.04907781e-03 -2.04859658e+00  1.04907781e-03  1.64822501e+00 
 1.05907781e-03  1.05907781e-03  1.05907781e-03  1.64789527e+00  1.05907781e-03 -1.27459595e+00  1.05907781e-03  1.64789375e+00 
 1.06907781e-03  1.06907781e-03  1.06907781e-03  1.64757153e+00  1.06907781e-03 -1.89791272e+00  1.06907781e-03  1.64757008e+00 
 1.07907781e-03  1.07907781e-03  1.07907781e-03  1.64725683e+00  1.07907781e-03 -1.09775131e+00  1.07907781e-03  1.64725529e+00 
 1.08907781e-03  1.08907781e-03  1.08907781e-03  1.64695208e+00  1.08907781e-03 -1.69691491e+00  1.08907781e-03  1.64695060e+00 
 1.09907781e-03  1.09907781e-03  1.09907781e-03  1.64665880e+00  1.09907781e-03 -8.72025277e-01  1.09907781e-03  1.64665724e+00 
 1.10907781e-03  1.10907781e-03  1.10907781e-03  1.64637784e+00  1.10907781e-03 -1.44877261e+00  1.10907781e-03  1.64637634e+00 
 1.11907781e-03  1.11907781e-03  1.11907781e-03  1.64611063e+00  1.11907781e-03 -6.00750287e-01  1.11907781e-03  1.64610905e+00 
 1.12907781e-03  1.12907781e-03  1.12907781e-03  1.64585790e+00  1.12907781e-03 -1.15739076e+00  1.12907781e-03  1.64585637e+00 
 1.13907781e-03  1.13907781e-03  1.13907781e-03  1.64562098e+00  1.13907781e-03 -2.88265293e-01  1.13907781e-03  1.64561936e+00 
 1.14907781e-03  1.14907781e-03  1.14907781e-03  1.64540047e+00  1.14907781e-03 -8.27284733e-01  1.14907781e-03  1.64539890e+00 
 1.15907781e-03  1.15907781e-03  1.15907781e-03  1.64519757e+00  1.15907781e-03  6.03746472e-02  1.15907781e-03  1.64519592e+00 
 1.16907781e-03  1.16907781e-03  1.16907781e-03  1.64501277e+00  1.16907781e-03 -4.63314460e-01  1.16907781e-03  1.64501117e+00 
 1.17907781e-03  1.17907781e-03  1.17907781e-03  1.64484713e+00  1.17907781e-03  4.39674735e-01  1.17907781e-03  1.64484544e+00 
 1.18907781e-03  1.18907781e-03  1.18907781e-03  1.64470096e+00  1.18907781e-03 -7.15305236e-02  1.18907781e-03  1.64469932e+00 
 1.19907781e-03  1.19907781e-03  1.19907781e-03  1.64457518e+00  1.19907781e-03  8.43658176e-01  1.19907781e-03  1.64457345e+00 
 1.20907781e-03  1.20907781e-03  1.20907781e-03  1.64446995e+00  1.20907781e-03  3.41795748e-01  1.20907781e-03  1.64446827e+00 
 1.21907781e-03  1.21907781e-03  1.21907781e-03  1.64438602e+00  1.21907781e-03  1.26595889e+00  1.21907781e-03  1.64438425e+00 
 1.22907781e-03  1.22907781e-03  1.22907781e-03  1.64432339e+00  1.22907781e-03  7.70140892e-01  1.22907781e-03  1.64432167e+00 
 1.23907781e-03  1.23907781e-03  1.23907781e-03  1.64428263e+00  1.23907781e-03  1.69992192e+00  1.23907781e-03  1.64428081e+00 
 1.24907781e-03  1.24907781e-03  1.24907781e-03  1.64426358e+00  1.24907781e-03  1.20674466e+00  1.24907781e-03  1.64426181e+00 
 1.25907781e-03  1.25907781e-03  1.25907781e-03  1.64426664e+00  1.25907781e-03  2.13870841e+00  1.25907781e-03  1.64426478e+00 
 1.26907781e-03  1.26907781e-03  1.26907781e-03  1.64429147e+00  1.26907781e-03  1.64471655e+00  1.26907781e-03  1.64428966e+00 
 1.27907781e-03  1.27907781e-03  1.27907781e-03  1.64433830e+00  1.27907781e-03  2.57540343e+00  1.27907781e-03  1.64433640e+00 
 1.28907781e-03  1.28907781e-03  1.28907781e-03  1.64440662e+00  1.28907781e-03  2.07714450e+00  1.28907781e-03  1.64440477e+00 
 1.29907781e-03  1.29907781e-03  1.29907781e-03  1.64449648e+00  1.29907781e-03  3.00312503e+00  1.29907781e-03  1.64449454e+00 
 1.30907781e-03  1.30907781e-03  1.30907781e-03  1.64460721e+00  1.30907781e-03  2.49720385e+00  1.30907781e-03  1.64460532e+00 
 1.31907781e-03  1.31907781e-03  1.31907781e-03  1.64473869e+00  1.31907781e-03  3.41513279e+00  1.31907781e-03  1.64473670e+00 
 1.32907781e-03  1.32907781e-03  1.32907781e-03  1.64489008e+00  1.32907781e-03  2.89826501e+00  1.32907781e-03  1.64488815e+00 
 1.33907781e-03  1.33907781e-03  1.33907781e-03  1.64506111e+00  1.33907781e-03  3.80493392e+00  1.33907781e-03  1.64505908e+00 
 1.34907781e-03  1.34907781e-03  1.34907781e-03  1.64525077e+00  1.34907781e-03  3.27399799e+00  1.34907781e-03  1.64524880e+00 
 1.35907781e-03  1.35907781e-03  1.35907781e-03  1.64545864e+00  1.35907781e-03  4.16625717e+00  1.35907781e-03  1.64545658e+00 
 1.36907781e-03  1.36907781e-03  1.36907781e-03  1.64568358e+00  1.36907781e-03  3.61847223e+00  1.36907781e-03  1.64568157e+00 
 1.37907781e-03  1.37907781e-03  1.37907781e-03  1.64592499e+00  1.37907781e-03  4.49316606e+00  1.37907781e-03  1.64592290e+00 
 1.38907781e-03  1.38907781e-03  1.38907781e-03  1.64618164e+00  1.38907781e-03  3.92624733e+00  1.38907781e-03  1.64617960e+00 
 1.39907781e-03  1.39907781e-03  1.39907781e-03  1.64645279e+00  1.39907781e-03  4.78086211e+00  1.39907781e-03  1.64645067e+00 
 1.40907781e-03  1.40907781e-03  1.40907781e-03  1.64673708e+00  1.40907781e-03  4.19231080e+00  1.40907781e-03  1.64673502e+00 
 1.41907781e-03  1.41907781e-03  1.41907781e-03  1.64703370e+00  1.41907781e-03  5.02487680e+00  1.41907781e-03  1.64703155e+00 
 1.42907781e-03  1.42907781e-03  1.42907781e-03  1.64734115e+00  1.42907781e-03  4.41244288e+00  1.42907781e-03  1.64733906e+00 
 1.43907781e-03  1.43907781e-03  1.43907781e-03  1.64765854e+00  1.43907781e-03  5.22138074e+00  1.43907781e-03  1.64765637e+00 
 1.44907781e-03  1.44907781e-03  1.44907781e-03  1.64798430e+00  1.44907781e-03  4.58337273e+00  1.44907781e-03  1.64798219e+00 
 1.45907781e-03  1.45907781e-03  1.45907781e-03  1.64831746e+00  1.45907781e-03  5.36728346e+00  1.45907781e-03  1.64831528e+00 
 1.46907781e-03  1.46907781e-03  1.46907781e-03  1.64865641e+00  1.46907781e-03  4.70243804e+00  1.46907781e-03  1.64865429e+00 
 1.47907781e-03  1.47907781e-03  1.47907781e-03  1.64900010e+00  1.47907781e-03  5.46029165e+00  1.47907781e-03  1.64899791e+00 
 1.48907781e-03  1.48907781e-03  1.48907781e-03  1.64934688e+00  1.48907781e-03  4.76776495e+00  1.48907781e-03  1.64934476e+00 
 1.49907781e-03  1.49907781e-03  1.49907781e-03  1.64969570e+00  1.49907781e-03  5.49894722e+00  1.49907781e-03  1.64969350e+00 
 1.50907781e-03  1.50907781e-03  1.50907781e-03  1.65004485e+00  1.50907781e-03  4.77832145e+00  1.50907781e-03  1.65004273e+00 
 1.51907781e-03  1.51907781e-03  1.51907781e-03  1.65039329e+00  1.51907781e-03  5.48263851e+00  1.51907781e-03  1.65039110e+00 
 1.52907781e-03  1.52907781e-03  1.52907781e-03  1.65073933e+00  1.52907781e-03  4.73393639e+00  1.52907781e-03  1.65073720e+00 
 1.53907781e-03  1.53907781e-03  1.53907781e-03  1.65108191e+00  1.53907781e-03  5.41163489e+00  1.53907781e-03  1.65107971e+00 
 1.54907781e-03  1.54907781e-03  1.54907781e-03  1.65141936e+00  1.54907781e-03  4.63530292e+00  1.54907781e-03  1.65141725e+00 
 1.55907781e-03  1.55907781e-03  1.55907781e-03  1.65175069e+00  1.55907781e-03  5.28705822e+00  1.55907781e-03  1.65174851e+00 
 1.56907781e-03  1.56907781e-03  1.56907781e-03  1.65207425e+00  1.56907781e-03  4.48396573e+00  1.56907781e-03  1.65207215e+00 
 1.57907781e-03  1.57907781e-03  1.57907781e-03  1.65238911e+00  1.57907781e-03  5.11087670e+00  1.57907781e-03  1.65238694e+00 
 1.58907781e-03  1.58907781e-03  1.58907781e-03  1.65269368e+00  1.58907781e-03  4.28228511e+00  1.58907781e-03  1.65269160e+00 
 1.59907781e-03  1.59907781e-03  1.59907781e-03  1.65298710e+00  1.59907781e-03  4.88586982e+00  1.59907781e-03  1.65298496e+00 
 1.60907781e-03  1.60907781e-03  1.60907781e-03  1.65326788e+00  1.60907781e-03  4.03331646e+00  1.60907781e-03  1.65326583e+00 
 1.61907781e-03  1.61907781e-03  1.61907781e-03  1.65353525e+00  1.61907781e-03  4.61558433e+00  1.61907781e-03  1.65353313e+00 
 1.62907781e-03  1.62907781e-03  1.62907781e-03  1.65378779e+00  1.62907781e-03  3.74080749e+00  1.62907781e-03  1.65378576e+00 
 1.63907781e-03  1.63907781e-03  1.63907781e-03  1.65402487e+00  1.63907781e-03  4.30425791e+00  1.63907781e-03  1.65402279e+00 
 1.64907781e-03  1.64907781e-03  1.64907781e-03  1.65424520e+00  1.64907781e-03  3.40958419e+00  1.64907781e-03  1.65424320e+00 
 1.65907781e-03  1.65907781e-03  1.65907781e-03  1.65444824e+00  1.65907781e-03  3.95656966e+00  1.65907781e-03  1.65444619e+00 
 1.66907781e-03  1.66907781e-03  1.66907781e-03  1.65463286e+00  1.66907781e-03  3.04488802e+00  1.66907781e-03  1.65463090e+00 
 1.67907781e-03  1.67907781e-03  1.67907781e-03  1.65479866e+00  1.67907781e-03  3.57791294e+00  1.67907781e-03  1.65479664e+00 
 1.68907781e-03  1.68907781e-03  1.68907781e-03  1.65494464e+00  1.68907781e-03  2.65246538e+00  1.68907781e-03  1.65494272e+00 
 1.69907781e-03  1.69907781e-03  1.69907781e-03  1.65507057e+00  1.69907781e-03  3.17456830e+00  1.69907781e-03  1.65506860e+00 
 1.70907781e-03  1.70907781e-03  1.70907781e-03  1.65517562e+00  1.70907781e-03  2.23849992e+00  1.70907781e-03  1.65517375e+00 
 1.71907781e-03  1.71907781e-03  1.71907781e-03  1.65525970e+00  1.71907781e-03  2.75290695e+00  1.71907781e-03  1.65525777e+00 
 1.72907781e-03  1.72907781e-03  1.72907781e-03  1.65532216e+00  1.72907781e-03  1.80951501e+00  1.72907781e-03  1.65532032e+00 
 1.73907781e-03  1.73907781e-03  1.73907781e-03  1.65536306e+00  1.73907781e-03  2.31958384e+00  1.73907781e-03  1.65536118e+00 
 1.74907781e-03  1.74907781e-03  1.74907781e-03  1.65538194e+00  1.74907781e-03  1.37227091e+00  1.74907781e-03  1.65538015e+00 
 1.75907781e-03  1.75907781e-03  1.75907781e-03  1.65537903e+00  1.75907781e-03  1.88143785e+00  1.75907781e-03  1.65537718e+00 
 1.76907781e-03  1.76907781e-03  1.76907781e-03  1.65535402e+00  1.76907781e-03  9.33658118e-01  1.76907781e-03  1.65535227e+00 
 1.77907781e-03  1.77907781e-03  1.77907781e-03  1.65530733e+00  1.77907781e-03  1.44538390e+00  1.77907781e-03  1.65530553e+00 
 1.78907781e-03  1.78907781e-03  1.78907781e-03  1.65523884e+00  1.78907781e-03  5.00588699e-01  1.78907781e-03  1.65523713e+00 
 1.79907781e-03  1.79907781e-03  1.79907781e-03  1.65514912e+00  1.79907781e-03  1.01830394e+00  1.79907781e-03  1.65514736e+00 
 1.80907781e-03  1.80907781e-03  1.80907781e-03  1.65503821e+00  1.80907781e-03  7.98873077e-02  1.80907781e-03  1.65503655e+00 
 1.81907781e-03  1.81907781e-03  1.81907781e-03  1.65490688e+00  1.81907781e-03  6.06938391e-01  1.81907781e-03  1.65490517e+00 
 1.82907781e-03  1.82907781e-03  1.82907781e-03  1.65475531e+00  1.82907781e-03 -3.21816462e-01  1.82907781e-03  1.65475369e+00 
 1.83907781e-03  1.83907781e-03  1.83907781e-03  1.65458443e+00  1.83907781e-03  2.17779848e-01  1.83907781e-03  1.65458276e+00 
 1.84907781e-03  1.84907781e-03  1.84907781e-03  1.65439459e+00  1.84907781e-03 -6.98180646e-01  1.84907781e-03  1.65439301e+00 
 1.85907781e-03  1.85907781e-03  1.85907781e-03  1.65418687e+00  1.85907781e-03 -1.43029296e-01  1.85907781e-03  1.65418523e+00 
 1.86907781e-03  1.86907781e-03  1.86907781e-03  1.65396177e+00  1.86907781e-03 -1.04293089e+00  1.86907781e-03  1.65396022e+00 
 1.87907781e-03  1.87907781e-03  1.87907781e-03  1.65372048e+00  1.87907781e-03 -4.69793588e-01  1.87907781e-03  1.65371888e+00 
 1.88907781e-03  1.88907781e-03  1.88907781e-03  1.65346368e+00  1.88907781e-03 -1.35082748e+00  1.88907781e-03  1.65346216e+00 
 1.89907781e-03  1.89907781e-03  1.89907781e-03  1.65319266e+00  1.89907781e-03 -7.57320400e-01  1.89907781e-03  1.65319108e+00 
 1.90907781e-03  1.90907781e-03  1.90907781e-03  1.65290820e+00  1.90907781e-03 -1.61721177e+00  1.90907781e-03  1.65290671e+00 
 1.91907781e-03  1.91907781e-03  1.91907781e-03  1.65261173e+00  1.91907781e-03 -1.00085802e+00  1.91907781e-03  1.65261018e+00 
 1.92907781e-03  1.92907781e-03  1.92907781e-03  1.65230410e+00  1.92907781e-03 -1.83791212e+00  1.92907781e-03  1.65230263e+00 
 1.93907781e-03  1.93907781e-03  1.93907781e-03  1.65198686e+00  1.93907781e-03 -1.19676114e+00  1.93907781e-03  1.65198533e+00 
 1.94907781e-03  1.94907781e-03  1.94907781e-03  1.65166092e+00  1.94907781e-03 -2.00946046e+00  1.94907781e-03  1.65165947e+00 
 1.95907781e-03  1.95907781e-03  1.95907781e-03  1.65132790e+00  1.95907781e-03 -1.34203775e+00  1.95907781e-03  1.65132638e+00 
 1.96907781e-03  1.96907781e-03  1.96907781e-03  1.65098878e+00  1.96907781e-03 -2.12915835e+00  1.96907781e-03  1.65098735e+00 
 1.97907781e-03  1.97907781e-03  1.97907781e-03  1.65064523e+00  1.97907781e-03 -1.43440894e+00  1.97907781e-03  1.65064373e+00 
 1.98907781e-03  1.98907781e-03  1.98907781e-03  1.65029828e+00  1.98907781e-03 -2.19512565e+00  1.98907781e-03  1.65029685e+00 
 1.99907781e-03  1.99907781e-03  1.99907781e-03  1.64994961e+00  1.99907781e-03 -1.47241906e+00  1.99907781e-03  1.64994811e+00 
 2.00907781e-03  2.00907781e-03  2.00907781e-03  1.64960028e+00  2.00907781e-03 -2.20632775e+00  2.00907781e-03  1.64959885e+00 
 2.01907781e-03  2.01907781e-03  2.01907781e-03  1.64925198e+00  2.01907781e-03 -1.45546488e+00  2.01907781e-03  1.64925048e+00 
 2.02907781e-03  2.02907781e-03  2.02907781e-03  1.64890577e+00  2.02907781e-03 -2.16259318e+00  2.02907781e-03  1.64890434e+00 
 2.03907781e-03  2.03907781e-03  2.03907781e-03  1.64856334e+00  2.03907781e-03 -1.38380800e+00  2.03907781e-03  1.64856183e+00 
 2.04907781e-03  2.04907781e-03  2.04907781e-03  1.64822571e+00  2.04907781e-03 -2.06461649e+00  2.04907781e-03  1.64822426e+00 
 2.05907781e-03  2.05907781e-03  2.05907781e-03  1.64789453e+00  2.05907781e-03 -1.25856988e+00  2.05907781e-03  1.64789301e+00 
 2.06907781e-03  2.06907781e-03  2.06907781e-03  1.64757079e+00  2.06907781e-03 -1.91394710e+00  2.06907781e-03  1.64756933e+00 
 2.07907781e-03  2.07907781e-03  2.07907781e-03  1.64725608e+00  2.07907781e-03 -1.08170912e+00  2.07907781e-03  1.64725454e+00 
 2.08907781e-03  2.08907781e-03  2.08907781e-03  1.64695133e+00  2.08907781e-03 -1.71296372e+00  2.08907781e-03  1.64694985e+00 
 2.09907781e-03  2.09907781e-03  2.09907781e-03  1.64665806e+00  2.09907781e-03 -8.55961046e-01  2.09907781e-03  1.64665650e+00 
 2.10907781e-03  2.10907781e-03  2.10907781e-03  1.64637709e+00  2.10907781e-03 -1.46483632e+00  2.10907781e-03  1.64637559e+00 
 2.11907781e-03  2.11907781e-03  2.11907781e-03  1.64610989e+00  2.11907781e-03 -5.84653708e-01  2.11907781e-03  1.64610830e+00 
 2.12907781e-03  2.12907781e-03  2.12907781e-03  1.64585716e+00  2.12907781e-03 -1.17347015e+00  2.12907781e-03  1.64585563e+00 
 2.13907781e-03  2.13907781e-03  2.13907781e-03  1.64562024e+00  2.13907781e-03 -2.72153925e-01  2.13907781e-03  1.64561862e+00 
 2.14907781e-03  2.14907781e-03  2.14907781e-03  1.64539972e+00  2.14907781e-03 -8.43389847e-01  2.14907781e-03  1.64539816e+00 
 2.15907781e-03  2.15907781e-03  2.15907781e-03  1.64519683e+00  2.15907781e-03  7.65003509e-02  2.15907781e-03  1.64519518e+00 
 2.16907781e-03  2.16907781e-03  2.16907781e-03  1.64501203e+00  2.16907781e-03 -4.79450193e-01  2.16907781e-03  1.64501043e+00 
 2.17907781e-03  2.17907781e-03  2.17907781e-03  1.64484639e+00  2.17907781e-03  4.55814785e-01  2.17907781e-03  1.64484470e+00 
 2.18907781e-03  2.18907781e-03  2.18907781e-03  1.64470022e+00  2.18907781e-03 -8.76806407e-02  2.18907781e-03  1.64469858e+00 
 2.19907781e-03  2.19907781e-03  2.19907781e-03  1.64457444e+00  2.19907781e-03  8.59812584e-01  2.19907781e-03  1.64457271e+00 
 2.20907781e-03  2.20907781e-03  2.20907781e-03  1.64446921e+00  2.20907781e-03  3.25631265e-01  2.20907781e-03  1.64446753e+00 
 2.21907781e-03  2.21907781e-03  2.21907781e-03  1.64438528e+00  2.21907781e-03  1.28212767e+00  2.21907781e-03  1.64438351e+00 
 2.22907781e-03  2.22907781e-03  2.22907781e-03  1.64432265e+00  2.22907781e-03  7.53962030e-01  2.22907781e-03  1.64432093e+00 
 2.23907781e-03  2.23907781e-03  2.23907781e-03  1.64428189e+00  2.23907781e-03  1.71610508e+00  2.23907781e-03  1.64428007e+00 
 2.24907781e-03  2.24907781e-03  2.24907781e-03  1.64426284e+00  2.24907781e-03  1.19055141e+00  2.24907781e-03  1.64426107e+00 
 2.25907781e-03  2.25907781e-03  2.25907781e-03  1.64426590e+00  2.25907781e-03  2.15490597e+00  2.25907781e-03  1.64426404e+00 
 2.26907781e-03  2.26907781e-03  2.26907781e-03  1.64429073e+00  2.26907781e-03  1.62850890e+00  2.26907781e-03  1.64428892e+00 
 2.27907781e-03  2.27907781e-03  2.27907781e-03  1.64433756e+00  2.27907781e-03  2.59161540e+00  2.27907781e-03  1.64433565e+00 
 2.28907781e-03  2.28907781e-03  2.28907781e-03  1.64440588e+00  2.28907781e-03  2.06092243e+00  2.28907781e-03  1.64440403e+00 
 2.29907781e-03  2.29907781e-03  2.29907781e-03  1.64449574e+00  2.29907781e-03  3.01935142e+00  2.29907781e-03  1.64449379e+00 
 2.30907781e-03  2.30907781e-03  2.30907781e-03  1.64460647e+00  2.30907781e-03  2.48096735e+00  2.30907781e-03  1.64460458e+00 
 2.31907781e-03  2.31907781e-03  2.31907781e-03  1.64473795e+00  2.31907781e-03  3.43137362e+00  2.31907781e-03  1.64473596e+00 
 2.32907781e-03  2.32907781e-03  2.32907781e-03  1.64488934e+00  2.32907781e-03  2.88201407e+00  2.32907781e-03  1.64488741e+00 
 2.33907781e-03  2.33907781e-03  2.33907781e-03  1.64506037e+00  2.33907781e-03  3.82118911e+00  2.33907781e-03  1.64505834e+00 
 2.34907781e-03  2.34907781e-03  2.34907781e-03  1.64525003e+00  2.34907781e-03  3.25773260e+00  2.34907781e-03  1.64524806e+00 
 2.35907781e-03  2.35907781e-03  2.35907781e-03  1.64545790e+00  2.35907781e-03  4.18250752e+00  2.35907781e-03  1.64545583e+00 
 2.36907781e-03  2.36907781e-03  2.36907781e-03  1.64568283e+00  2.36907781e-03  3.60219236e+00  2.36907781e-03  1.64568083e+00 
 2.37907781e-03  2.37907781e-03  2.37907781e-03  1.64592425e+00  2.37907781e-03  4.50942293e+00  2.37907781e-03  1.64592215e+00 
 2.38907781e-03  2.38907781e-03  2.38907781e-03  1.64618089e+00  2.38907781e-03  3.90995379e+00  2.38907781e-03  1.64617885e+00 
 2.39907781e-03  2.39907781e-03  2.39907781e-03  1.64645205e+00  2.39907781e-03  4.79713092e+00  2.39907781e-03  1.64644992e+00 
 2.40907781e-03  2.40907781e-03  2.40907781e-03  1.64673633e+00  2.40907781e-03  4.17602204e+00  2.40907781e-03  1.64673427e+00 
 2.41907781e-03  2.41907781e-03  2.41907781e-03  1.64703295e+00  2.41907781e-03  5.04115947e+00  2.41907781e-03  1.64703080e+00 
 2.42907781e-03  2.42907781e-03  2.42907781e-03  1.64734040e+00  2.42907781e-03  4.39614630e+00  2.42907781e-03  1.64733831e+00 
 2.43907781e-03  2.43907781e-03  2.43907781e-03  1.64765779e+00  2.43907781e-03  5.23767795e+00  2.43907781e-03  1.64765562e+00 
 2.44907781e-03  2.44907781e-03  2.44907781e-03  1.64798355e+00  2.44907781e-03  4.56706344e+00  2.44907781e-03  1.64798144e+00 
 2.45907781e-03  2.45907781e-03  2.45907781e-03  1.64831672e+00  2.45907781e-03  5.38359515e+00  2.45907781e-03  1.64831453e+00 
 2.46907781e-03  2.46907781e-03  2.46907781e-03  1.64865565e+00  2.46907781e-03  4.68611497e+00  2.46907781e-03  1.64865354e+00 
 2.47907781e-03  2.47907781e-03  2.47907781e-03  1.64899935e+00  2.47907781e-03  5.47661772e+00  2.47907781e-03  1.64899716e+00 
 2.48907781e-03  2.48907781e-03  2.48907781e-03  1.64934613e+00  2.48907781e-03  4.75142756e+00  2.48907781e-03  1.64934401e+00 
 2.49907781e-03  2.49907781e-03  2.49907781e-03  1.64969495e+00  2.49907781e-03  5.51528528e+00  2.49907781e-03  1.64969275e+00 
 2.50907781e-03  2.50907781e-03  2.50907781e-03  1.65004410e+00  2.50907781e-03  4.76196956e+00  2.50907781e-03  1.65004198e+00 
 2.51907781e-03  2.51907781e-03  2.51907781e-03  1.65039255e+00  2.51907781e-03  5.49899355e+00  2.51907781e-03  1.65039035e+00 
 2.52907781e-03  2.52907781e-03  2.52907781e-03  1.65073857e+00  2.52907781e-03  4.71756980e+00  2.52907781e-03  1.65073645e+00 
 2.53907781e-03  2.53907781e-03  2.53907781e-03  1.65108116e+00  2.53907781e-03  5.42800458e+00  2.53907781e-03  1.65107896e+00 
 2.54907781e-03  2.54907781e-03  2.54907781e-03  1.65141861e+00  2.54907781e-03  4.61892134e+00  2.54907781e-03  1.65141650e+00 
 2.55907781e-03  2.55907781e-03  2.55907781e-03  1.65174994e+00  2.55907781e-03  5.30344264e+00  2.55907781e-03  1.65174776e+00 
 2.56907781e-03  2.56907781e-03  2.56907781e-03  1.65207350e+00  2.56907781e-03  4.46756858e+00  2.56907781e-03  1.65207140e+00 
 2.57907781e-03  2.57907781e-03  2.57907781e-03  1.65238836e+00  2.57907781e-03  5.12727587e+00  2.57907781e-03  1.65238619e+00 
 2.58907781e-03  2.58907781e-03  2.58907781e-03  1.65269293e+00  2.58907781e-03  4.26586957e+00  2.58907781e-03  1.65269085e+00 
 2.59907781e-03  2.59907781e-03  2.59907781e-03  1.65298635e+00  2.59907781e-03  4.90228391e+00  2.59907781e-03  1.65298421e+00 
 2.60907781e-03  2.60907781e-03  2.60907781e-03  1.65326713e+00  2.60907781e-03  4.01686790e+00  2.60907781e-03  1.65326507e+00 
 2.61907781e-03  2.61907781e-03  2.61907781e-03  1.65353449e+00  2.61907781e-03  4.63201473e+00  2.61907781e-03  1.65353238e+00 
 2.62907781e-03  2.62907781e-03  2.62907781e-03  1.65378703e+00  2.62907781e-03  3.72433838e+00  2.62907781e-03  1.65378501e+00 
 2.63907781e-03  2.63907781e-03  2.63907781e-03  1.65402411e+00  2.63907781e-03  4.32070609e+00  2.63907781e-03  1.65402203e+00 
 2.64907781e-03  2.64907781e-03  2.64907781e-03  1.65424444e+00  2.64907781e-03  3.39310041e+00  2.64907781e-03  1.65424244e+00 
 2.65907781e-03  2.65907781e-03  2.65907781e-03  1.65444748e+00  2.65907781e-03  3.97305572e+00  2.65907781e-03  1.65444543e+00 
 2.66907781e-03  2.66907781e-03  2.66907781e-03  1.65463210e+00  2.66907781e-03  3.02838958e+00  2.66907781e-03  1.65463014e+00 
 2.67907781e-03  2.67907781e-03  2.67907781e-03  1.65479790e+00  2.67907781e-03  3.59441575e+00  2.67907781e-03  1.65479589e+00 
 2.68907781e-03  2.68907781e-03  2.68907781e-03  1.65494388e+00  2.68907781e-03  2.63595227e+00  2.68907781e-03  1.65494197e+00 
 2.69907781e-03  2.69907781e-03  2.69907781e-03  1.65506982e+00  2.69907781e-03  3.19108578e+00  2.69907781e-03  1.65506784e+00 
 2.70907781e-03  2.70907781e-03  2.70907781e-03  1.65517486e+00  2.70907781e-03  2.22197211e+00  2.70907781e-03  1.65517299e+00 
 2.71907781e-03  2.71907781e-03  2.71907781e-03  1.65525895e+00  2.71907781e-03  2.76943913e+00  2.71907781e-03  1.65525701e+00 
 2.72907781e-03  2.72907781e-03  2.72907781e-03  1.65532140e+00  2.72907781e-03  1.79297251e+00  2.72907781e-03  1.65531956e+00 
 2.73907781e-03  2.73907781e-03  2.73907781e-03  1.65536231e+00  2.73907781e-03  2.33613073e+00  2.73907781e-03  1.65536042e+00 
 2.74907781e-03  2.74907781e-03  2.74907781e-03  1.65538118e+00  2.74907781e-03  1.35571369e+00  2.74907781e-03  1.65537939e+00 
 2.75907781e-03  2.75907781e-03  2.75907781e-03  1.65537827e+00  2.75907781e-03  1.89799946e+00  2.75907781e-03  1.65537642e+00 
 2.76907781e-03  2.76907781e-03  2.76907781e-03  1.65535326e+00  2.76907781e-03  9.17086168e-01  2.76907781e-03  1.65535151e+00 
 2.77907781e-03  2.77907781e-03  2.77907781e-03  1.65530658e+00  2.77907781e-03  1.46196025e+00  2.77907781e-03  1.65530478e+00 
 2.78907781e-03  2.78907781e-03  2.78907781e-03  1.65523808e+00  2.78907781e-03  4.84002011e-01  2.78907781e-03  1.65523637e+00 
 2.79907781e-03  2.79907781e-03  2.79907781e-03  1.65514836e+00  2.79907781e-03  1.03489503e+00  2.79907781e-03  1.65514661e+00 
 2.80907781e-03  2.80907781e-03  2.80907781e-03  1.65503745e+00  2.80907781e-03  6.32858636e-02  2.80907781e-03  1.65503579e+00 
 2.81907781e-03  2.81907781e-03  2.81907781e-03  1.65490612e+00  2.81907781e-03  6.23544240e-01  2.81907781e-03  1.65490441e+00 
 2.82907781e-03  2.82907781e-03  2.82907781e-03  1.65475455e+00  2.82907781e-03 -3.38432670e-01  2.82907781e-03  1.65475293e+00 
 2.83907781e-03  2.83907781e-03  2.83907781e-03  1.65458368e+00  2.83907781e-03  2.34400470e-01  2.83907781e-03  1.65458200e+00 
 2.84907781e-03  2.84907781e-03  2.84907781e-03  1.65439383e+00  2.84907781e-03 -7.14807176e-01  2.84907781e-03  1.65439225e+00 
 2.85907781e-03  2.85907781e-03  2.85907781e-03  1.65418611e+00  2.85907781e-03 -1.26393888e-01  2.85907781e-03  1.65418447e+00 
 2.86907781e-03  2.86907781e-03  2.86907781e-03  1.65396101e+00  2.86907781e-03 -1.05955025e+00  2.86907781e-03  1.65395946e+00 
 2.87907781e-03  2.87907781e-03  2.87907781e-03  1.65371973e+00  2.87907781e-03 -4.53143403e-01  2.87907781e-03  1.65371812e+00 
 2.88907781e-03  2.88907781e-03  2.88907781e-03  1.65346292e+00  2.88907781e-03 -1.36745834e+00  2.88907781e-03  1.65346140e+00 
 2.89907781e-03  2.89907781e-03  2.89907781e-03  1.65319191e+00  2.89907781e-03 -7.40663629e-01  2.89907781e-03  1.65319033e+00 
 2.90907781e-03  2.90907781e-03  2.90907781e-03  1.65290744e+00  2.90907781e-03 -1.63385676e+00  2.90907781e-03  1.65290595e+00 
 2.91907781e-03  2.91907781e-03  2.91907781e-03  1.65261098e+00  2.91907781e-03 -9.84203186e-01  2.91907781e-03  1.65260942e+00 
 2.92907781e-03  2.92907781e-03  2.92907781e-03  1.65230335e+00  2.92907781e-03 -1.85457119e+00  2.92907781e-03  1.65230188e+00 
 2.93907781e-03  2.93907781e-03  2.93907781e-03  1.65198611e+00  2.93907781e-03 -1.18009505e+00  2.93907781e-03  1.65198457e+00 
 2.94907781e-03  2.94907781e-03  2.94907781e-03  1.65166017e+00  2.94907781e-03 -2.02613433e+00  2.94907781e-03  1.65165872e+00 
 2.95907781e-03  2.95907781e-03  2.95907781e-03  1.65132715e+00  2.95907781e-03 -1.32535802e+00  2.95907781e-03  1.65132563e+00 
 2.96907781e-03  2.96907781e-03  2.96907781e-03  1.65098803e+00  2.96907781e-03 -2.14584697e+00  2.96907781e-03  1.65098659e+00 
 2.97907781e-03  2.97907781e-03  2.97907781e-03  1.65064448e+00  2.97907781e-03 -1.41771464e+00  2.97907781e-03  1.65064297e+00 
 2.98907781e-03  2.98907781e-03  2.98907781e-03  1.65029752e+00  2.98907781e-03 -2.21182901e+00  2.98907781e-03  1.65029609e+00 
 2.99907781e-03  2.99907781e-03  2.99907781e-03  1.64994886e+00  2.99907781e-03 -1.45571003e+00  2.99907781e-03  1.64994735e+00 
 3.00907781e-03  3.00907781e-03  3.00907781e-03  1.64959952e+00  3.00907781e-03 -2.22304594e+00  3.00907781e-03  1.64959809e+00 
 3.01907781e-03  3.01907781e-03  3.01907781e-03  1.64925123e+00  3.01907781e-03 -1.43874093e+00  3.01907781e-03  1.64924973e+00 
 3.02907781e-03  3.02907781e-03  3.02907781e-03  1.64890502e+00  3.02907781e-03 -2.17932628e+00  3.02907781e-03  1.64890359e+00 
 3.03907781e-03  3.03907781e-03  3.03907781e-03  1.64856259e+00  3.03907781e-03 -1.36706887e+00  3.03907781e-03  1.64856108e+00 
 3.04907781e-03  3.04907781e-03  3.04907781e-03  1.64822495e+00  3.04907781e-03 -2.08136460e+00  3.04907781e-03  1.64822351e+00 
 3.05907781e-03  3.05907781e-03  3.05907781e-03  1.64789378e+00  3.05907781e-03 -1.24181518e+00  3.05907781e-03  1.64789225e+00 
 3.06907781e-03  3.06907781e-03  3.06907781e-03  1.64757003e+00  3.06907781e-03 -1.93071028e+00  3.06907781e-03  1.64756858e+00 
 3.07907781e-03  3.07907781e-03  3.07907781e-03  1.64725533e+00  3.07907781e-03 -1.06493737e+00  3.07907781e-03  1.64725379e+00 
 3.08907781e-03  3.08907781e-03  3.08907781e-03  1.64695057e+00  3.08907781e-03 -1.72974195e+00  3.08907781e-03  1.64694910e+00 
 3.09907781e-03  3.09907781e-03  3.09907781e-03  1.64665731e+00  3.09907781e-03 -8.39165288e-01  3.09907781e-03  1.64665575e+00 
 3.10907781e-03  3.10907781e-03  3.10907781e-03  1.64637634e+00  3.10907781e-03 -1.48163091e+00  3.10907781e-03  1.64637484e+00 
 3.11907781e-03  3.11907781e-03  3.11907781e-03  1.64610914e+00  3.11907781e-03 -5.67825227e-01  3.11907781e-03  1.64610755e+00 
 3.12907781e-03  3.12907781e-03  3.12907781e-03  1.64585641e+00  3.12907781e-03 -1.19028075e+00  3.12907781e-03  1.64585488e+00 
 3.13907781e-03  3.13907781e-03  3.13907781e-03  1.64561949e+00  3.13907781e-03 -2.55310128e-01  3.13907781e-03  1.64561787e+00 
 3.14907781e-03  3.14907781e-03  3.14907781e-03  1.64539898e+00  3.14907781e-03 -8.60225577e-01  3.14907781e-03  1.64539742e+00 
 3.15907781e-03  3.15907781e-03  3.15907781e-03  1.64519609e+00  3.15907781e-03  9.33591376e-02  3.15907781e-03  1.64519443e+00 
 3.16907781e-03  3.16907781e-03  3.16907781e-03  1.64501128e+00  3.16907781e-03 -4.96319343e-01  3.16907781e-03  1.64500969e+00 
 3.17907781e-03  3.17907781e-03  3.17907781e-03  1.64484564e+00  3.17907781e-03  4.72688571e-01  3.17907781e-03  1.64484395e+00 
 3.18907781e-03  3.18907781e-03  3.18907781e-03  1.64469947e+00  3.18907781e-03 -1.04564846e-01  3.18907781e-03  1.64469784e+00 
 3.19907781e-03  3.19907781e-03  3.19907781e-03  1.64457370e+00  3.19907781e-03  8.76701379e-01  3.19907781e-03  1.64457196e+00 
 3.20907781e-03  3.20907781e-03  3.20907781e-03  1.64446846e+00  3.20907781e-03  3.08732039e-01  3.20907781e-03  1.64446679e+00 
 3.21907781e-03  3.21907781e-03  3.21907781e-03  1.64438454e+00  3.21907781e-03  1.29903149e+00  3.21907781e-03  1.64438276e+00 
 3.22907781e-03  3.22907781e-03  3.22907781e-03  1.64432190e+00  3.22907781e-03  7.37047772e-01  3.22907781e-03  1.64432018e+00 
 3.23907781e-03  3.23907781e-03  3.23907781e-03  1.64428114e+00  3.23907781e-03  1.73302394e+00  3.23907781e-03  1.64427933e+00 
 3.24907781e-03  3.24907781e-03  3.24907781e-03  1.64426209e+00  3.24907781e-03  1.17362210e+00  3.24907781e-03  1.64426033e+00 
 3.25907781e-03  3.25907781e-03  3.25907781e-03  1.64426515e+00  3.25907781e-03  2.17183988e+00  3.25907781e-03  1.64426329e+00 
 3.26907781e-03  3.26907781e-03  3.26907781e-03  1.64428998e+00  3.26907781e-03  1.61156454e+00  3.26907781e-03  1.64428817e+00 
 3.27907781e-03  3.27907781e-03  3.27907781e-03  1.64433681e+00  3.27907781e-03  2.60856437e+00  3.27907781e-03  1.64433491e+00 
 3.28907781e-03  3.28907781e-03  3.28907781e-03  1.64440513e+00  3.28907781e-03  2.04396299e+00  3.28907781e-03  1.64440328e+00 
 3.29907781e-03  3.29907781e-03  3.29907781e-03  1.64449500e+00  3.29907781e-03  3.03631547e+00  3.29907781e-03  1.64449305e+00 
 3.30907781e-03  3.30907781e-03  3.30907781e-03  1.64460572e+00  3.30907781e-03  2.46399283e+00  3.30907781e-03  1.64460383e+00 
 3.31907781e-03  3.31907781e-03  3.31907781e-03  1.64473721e+00  3.31907781e-03  3.44835276e+00  3.31907781e-03  1.64473522e+00 
 3.32907781e-03  3.32907781e-03  3.32907781e-03  1.64488859e+00  3.32907781e-03  2.86502445e+00  3.32907781e-03  1.64488666e+00 
 3.33907781e-03  3.33907781e-03  3.33907781e-03  1.64505962e+00  3.33907781e-03  3.83818324e+00  3.33907781e-03  1.64505759e+00 
 3.34907781e-03  3.34907781e-03  3.34907781e-03  1.64524928e+00  3.34907781e-03  3.24072787e+00  3.34907781e-03  1.64524731e+00 
 3.35907781e-03  3.35907781e-03  3.35907781e-03  1.64545715e+00  3.35907781e-03  4.19949556e+00  3.35907781e-03  1.64545509e+00 
 3.36907781e-03  3.36907781e-03  3.36907781e-03  1.64568208e+00  3.36907781e-03  3.58517250e+00  3.36907781e-03  1.64568008e+00 
 3.37907781e-03  3.37907781e-03  3.37907781e-03  1.64592350e+00  3.37907781e-03  4.52641801e+00  3.37907781e-03  1.64592140e+00 
 3.38907781e-03  3.38907781e-03  3.38907781e-03  1.64618014e+00  3.38907781e-03  3.89291938e+00  3.38907781e-03  1.64617810e+00 
 3.39907781e-03  3.39907781e-03  3.39907781e-03  1.64645129e+00  3.39907781e-03  4.81413958e+00  3.39907781e-03  1.64644917e+00 
 3.40907781e-03  3.40907781e-03  3.40907781e-03  1.64673558e+00  3.40907781e-03  4.15899177e+00  3.40907781e-03  1.64673352e+00 
 3.41907781e-03  3.41907781e-03  3.41907781e-03  1.64703220e+00  3.41907781e-03  5.05818268e+00  3.41907781e-03  1.64703004e+00 
 3.42907781e-03  3.42907781e-03  3.42907781e-03  1.64733964e+00  3.42907781e-03  4.37910888e+00  3.42907781e-03  1.64733755e+00 
 3.43907781e-03  3.43907781e-03  3.43907781e-03  1.64765704e+00  3.43907781e-03  5.25471597e+00  3.43907781e-03  1.64765486e+00 
 3.44907781e-03  3.44907781e-03  3.44907781e-03  1.64798279e+00  3.44907781e-03  4.55001273e+00  3.44907781e-03  1.64798069e+00 
 3.45907781e-03  3.45907781e-03  3.45907781e-03  1.64831596e+00  3.45907781e-03  5.40064835e+00  3.45907781e-03  1.64831377e+00 
 3.46907781e-03  3.46907781e-03  3.46907781e-03  1.64865490e+00  3.46907781e-03  4.66904991e+00  3.46907781e-03  1.64865278e+00 
 3.47907781e-03  3.47907781e-03  3.47907781e-03  1.64899860e+00  3.47907781e-03  5.49368599e+00  3.47907781e-03  1.64899640e+00 
 3.48907781e-03  3.48907781e-03  3.48907781e-03  1.64934537e+00  3.48907781e-03  4.73434753e+00  3.48907781e-03  1.64934325e+00 
 3.49907781e-03  3.49907781e-03  3.49907781e-03  1.64969420e+00  3.49907781e-03  5.53236866e+00  3.49907781e-03  1.64969199e+00 
 3.50907781e-03  3.50907781e-03  3.50907781e-03  1.65004334e+00  3.50907781e-03  4.74487436e+00  3.50907781e-03  1.65004122e+00 
 3.51907781e-03  3.51907781e-03  3.51907781e-03  1.65039179e+00  3.51907781e-03  5.51609213e+00  3.51907781e-03  1.65038959e+00 
 3.52907781e-03  3.52907781e-03  3.52907781e-03  1.65073782e+00  3.52907781e-03  4.70045922e+00  3.52907781e-03  1.65073570e+00 
 3.53907781e-03  3.53907781e-03  3.53907781e-03  1.65108040e+00  3.53907781e-03  5.44511846e+00  3.53907781e-03  1.65107821e+00 
 3.54907781e-03  3.54907781e-03  3.54907781e-03  1.65141785e+00  3.54907781e-03  4.60179507e+00  3.54907781e-03  1.65141574e+00 
 3.55907781e-03  3.55907781e-03  3.55907781e-03  1.65174919e+00  3.55907781e-03  5.32057190e+00  3.55907781e-03  1.65174700e+00 
 3.56907781e-03  3.56907781e-03  3.56907781e-03  1.65207274e+00  3.56907781e-03  4.45042526e+00  3.56907781e-03  1.65207065e+00 
 3.57907781e-03  3.57907781e-03  3.57907781e-03  1.65238760e+00  3.57907781e-03  5.14442050e+00  3.57907781e-03  1.65238544e+00 
 3.58907781e-03  3.58907781e-03  3.58907781e-03  1.65269217e+00  3.58907781e-03  4.24870710e+00  3.58907781e-03  1.65269009e+00 
 3.59907781e-03  3.59907781e-03  3.59907781e-03  1.65298560e+00  3.59907781e-03  4.91944418e+00  3.59907781e-03  1.65298345e+00 
 3.60907781e-03  3.60907781e-03  3.60907781e-03  1.65326637e+00  3.60907781e-03  3.99967028e+00  3.60907781e-03  1.65326431e+00 
 3.61907781e-03  3.61907781e-03  3.61907781e-03  1.65353373e+00  3.61907781e-03  4.64919063e+00  3.61907781e-03  1.65353162e+00 
 3.62907781e-03  3.62907781e-03  3.62907781e-03  1.65378627e+00  3.62907781e-03  3.70712068e+00  3.62907781e-03  1.65378425e+00 
 3.63907781e-03  3.63907781e-03  3.63907781e-03  1.65402335e+00  3.63907781e-03  4.33790162e+00  3.63907781e-03  1.65402126e+00 
 3.64907781e-03  3.64907781e-03  3.64907781e-03  1.65424367e+00  3.64907781e-03  3.37586738e+00  3.64907781e-03  1.65424168e+00 
 3.65907781e-03  3.65907781e-03  3.65907781e-03  1.65444672e+00  3.65907781e-03  3.99029043e+00  3.65907781e-03  1.65444467e+00 
 3.66907781e-03  3.66907781e-03  3.66907781e-03  1.65463133e+00  3.66907781e-03  3.01114122e+00  3.66907781e-03  1.65462938e+00 
 3.67907781e-03  3.67907781e-03  3.67907781e-03  1.65479714e+00  3.67907781e-03  3.61166878e+00  3.67907781e-03  1.65479512e+00 
 3.68907781e-03  3.68907781e-03  3.68907781e-03  1.65494312e+00  3.68907781e-03  2.61868856e+00  3.68907781e-03  1.65494120e+00 
 3.69907781e-03  3.69907781e-03  3.69907781e-03  1.65506905e+00  3.69907781e-03  3.20835417e+00  3.69907781e-03  1.65506708e+00 
 3.70907781e-03  3.70907781e-03  3.70907781e-03  1.65517410e+00  3.70907781e-03  2.20469306e+00  3.70907781e-03  1.65517222e+00 
 3.71907781e-03  3.71907781e-03  3.71907781e-03  1.65525818e+00  3.71907781e-03  2.78672287e+00  3.71907781e-03  1.65525625e+00 
 3.72907781e-03  3.72907781e-03  3.72907781e-03  1.65532063e+00  3.72907781e-03  1.77567808e+00  3.72907781e-03  1.65531880e+00 
 3.73907781e-03  3.73907781e-03  3.73907781e-03  1.65536154e+00  3.73907781e-03  2.35342985e+00  3.73907781e-03  1.65535965e+00 
 3.74907781e-03  3.74907781e-03  3.74907781e-03  1.65538041e+00  3.74907781e-03  1.33840388e+00  3.74907781e-03  1.65537862e+00 
 3.75907781e-03  3.75907781e-03  3.75907781e-03  1.65537750e+00  3.75907781e-03  1.91531397e+00  3.75907781e-03  1.65537566e+00 
 3.76907781e-03  3.76907781e-03  3.76907781e-03  1.65535249e+00  3.76907781e-03  8.99760963e-01  3.76907781e-03  1.65535074e+00 
 3.77907781e-03  3.77907781e-03  3.77907781e-03  1.65530581e+00  3.77907781e-03  1.47929016e+00  3.77907781e-03  1.65530401e+00 
 3.78907781e-03  3.78907781e-03  3.78907781e-03  1.65523731e+00  3.78907781e-03  4.66661393e-01  3.78907781e-03  1.65523561e+00 
 3.79907781e-03  3.79907781e-03  3.79907781e-03  1.65514760e+00  3.79907781e-03  1.05224037e+00  3.79907781e-03  1.65514584e+00 
 3.80907781e-03  3.80907781e-03  3.80907781e-03  1.65503669e+00  3.80907781e-03  4.59298247e-02  3.80907781e-03  1.65503503e+00 
 3.81907781e-03  3.81907781e-03  3.81907781e-03  1.65490536e+00  3.81907781e-03  6.40905005e-01  3.81907781e-03  1.65490364e+00 
 3.82907781e-03  3.82907781e-03  3.82907781e-03  1.65475378e+00  3.82907781e-03 -3.55804147e-01  3.82907781e-03  1.65475216e+00 
 3.83907781e-03  3.83907781e-03  3.83907781e-03  1.65458291e+00  3.83907781e-03  2.51776679e-01  3.83907781e-03  1.65458123e+00 
 3.84907781e-03  3.84907781e-03  3.84907781e-03  1.65439307e+00  3.84907781e-03 -7.32188029e-01  3.84907781e-03  1.65439148e+00 
 3.85907781e-03  3.85907781e-03  3.85907781e-03  1.65418535e+00  3.85907781e-03 -1.09002220e-01  3.85907781e-03  1.65418370e+00 
 3.86907781e-03  3.86907781e-03  3.86907781e-03  1.65396024e+00  3.86907781e-03 -1.07692424e+00  3.86907781e-03  1.65395869e+00 
 3.87907781e-03  3.87907781e-03  3.87907781e-03  1.65371897e+00  3.87907781e-03 -4.35736279e-01  3.87907781e-03  1.65371736e+00 
 3.88907781e-03  3.88907781e-03  3.88907781e-03  1.65346216e+00  3.88907781e-03 -1.38484524e+00  3.88907781e-03  1.65346064e+00 
 3.89907781e-03  3.89907781e-03  3.89907781e-03  1.65319115e+00  3.89907781e-03 -7.23247901e-01  3.89907781e-03  1.65318957e+00 
 3.90907781e-03  3.90907781e-03  3.90907781e-03  1.65290668e+00  3.90907781e-03 -1.65125789e+00  3.90907781e-03  1.65290519e+00 
 3.91907781e-03  3.91907781e-03  3.91907781e-03  1.65261022e+00  3.91907781e-03 -9.66790819e-01  3.91907781e-03  1.65260866e+00 
 3.92907781e-03  3.92907781e-03  3.92907781e-03  1.65230259e+00  3.92907781e-03 -1.87198749e+00  3.92907781e-03  1.65230112e+00 
 3.93907781e-03  3.93907781e-03  3.93907781e-03  1.65198535e+00  3.93907781e-03 -1.16267123e+00  3.93907781e-03  1.65198382e+00 
 3.94907781e-03  3.94907781e-03  3.94907781e-03  1.65165941e+00  3.94907781e-03 -2.04356604e+00  3.94907781e-03  1.65165796e+00 
 3.95907781e-03  3.95907781e-03  3.95907781e-03  1.65132639e+00  3.95907781e-03 -1.30791912e+00  3.95907781e-03  1.65132487e+00 
 3.96907781e-03  3.96907781e-03  3.96907781e-03  1.65098727e+00  3.96907781e-03 -2.16329416e+00  3.96907781e-03  1.65098584e+00 
 3.97907781e-03  3.97907781e-03  3.97907781e-03  1.65064373e+00  3.97907781e-03 -1.40026137e+00  3.97907781e-03  1.65064222e+00 
 3.98907781e-03  3.98907781e-03  3.98907781e-03  1.65029676e+00  3.98907781e-03 -2.22929162e+00  3.98907781e-03  1.65029534e+00 
 3.99907781e-03  3.99907781e-03  3.99907781e-03  1.64994810e+00  3.99907781e-03 -1.43824134e+00  3.99907781e-03  1.64994660e+00 
 4.00907781e-03  4.00907781e-03  4.00907781e-03  1.64959876e+00  4.00907781e-03 -2.24052404e+00  4.00907781e-03  1.64959734e+00 
 4.01907781e-03  4.01907781e-03  4.01907781e-03  1.64925048e+00  4.01907781e-03 -1.42125663e+00  4.01907781e-03  1.64924897e+00 
 4.02907781e-03  4.02907781e-03  4.02907781e-03  1.64890426e+00  4.02907781e-03 -2.19681997e+00  4.02907781e-03  1.64890283e+00 
 4.03907781e-03  4.03907781e-03  4.03907781e-03  1.64856183e+00  4.03907781e-03 -1.34956870e+00  4.03907781e-03  1.64856032e+00 
 4.04907781e-03  4.04907781e-03  4.04907781e-03  1.64822419e+00  4.04907781e-03 -2.09887397e+00  4.04907781e-03  1.64822275e+00 
 4.05907781e-03  4.05907781e-03  4.05907781e-03  1.64789302e+00  4.05907781e-03 -1.22429871e+00  4.05907781e-03  1.64789150e+00 
 4.06907781e-03  4.06907781e-03  4.06907781e-03  1.64756927e+00  4.06907781e-03 -1.94823536e+00  4.06907781e-03  1.64756782e+00 
 4.07907781e-03  4.07907781e-03  4.07907781e-03  1.64725458e+00  4.07907781e-03 -1.04740285e+00  4.07907781e-03  1.64725303e+00 
 4.08907781e-03  4.08907781e-03  4.08907781e-03  1.64694981e+00  4.08907781e-03 -1.74728277e+00  4.08907781e-03  1.64694834e+00 
 4.09907781e-03  4.09907781e-03  4.09907781e-03  1.64665655e+00  4.09907781e-03 -8.21604484e-01  4.09907781e-03  1.64665499e+00 
 4.10907781e-03  4.10907781e-03  4.10907781e-03  1.64637558e+00  4.10907781e-03 -1.49918754e+00  4.10907781e-03  1.64637409e+00 
 4.11907781e-03  4.11907781e-03  4.11907781e-03  1.64610839e+00  4.11907781e-03 -5.50231599e-01  4.11907781e-03  1.64610680e+00 
 4.12907781e-03  4.12907781e-03  4.12907781e-03  1.64585565e+00  4.12907781e-03 -1.20785527e+00  4.12907781e-03  1.64585412e+00 
 4.13907781e-03  4.13907781e-03  4.13907781e-03  1.64561874e+00  4.13907781e-03 -2.37700595e-01  4.13907781e-03  1.64561712e+00 
 4.14907781e-03  4.14907781e-03  4.14907781e-03  1.64539822e+00  4.14907781e-03 -8.77825244e-01  4.14907781e-03  1.64539666e+00 
 4.15907781e-03  4.15907781e-03  4.15907781e-03  1.64519534e+00  4.15907781e-03  1.10984338e-01  4.15907781e-03  1.64519368e+00 
 4.16907781e-03  4.16907781e-03  4.16907781e-03  1.64501053e+00  4.16907781e-03 -5.13955236e-01  4.16907781e-03  1.64500894e+00 
 4.17907781e-03  4.17907781e-03  4.17907781e-03  1.64484489e+00  4.17907781e-03  4.90329451e-01  4.17907781e-03  1.64484320e+00 
 4.18907781e-03  4.18907781e-03  4.18907781e-03  1.64469872e+00  4.18907781e-03 -1.22216502e-01  4.18907781e-03  1.64469709e+00 
 4.19907781e-03  4.19907781e-03  4.19907781e-03  1.64457295e+00  4.19907781e-03  8.94357953e-01  4.19907781e-03  1.64457121e+00 
 4.20907781e-03  4.20907781e-03  4.20907781e-03  1.64446771e+00  4.20907781e-03  2.91064685e-01  4.20907781e-03  1.64446604e+00 
 4.21907781e-03  4.21907781e-03  4.21907781e-03  1.64438379e+00  4.21907781e-03  1.31670377e+00  4.21907781e-03  1.64438201e+00 
 4.22907781e-03  4.22907781e-03  4.22907781e-03  1.64432115e+00  4.22907781e-03  7.19364702e-01  4.22907781e-03  1.64431943e+00 
 4.23907781e-03  4.23907781e-03  4.23907781e-03  1.64428040e+00  4.23907781e-03  1.75071195e+00  4.23907781e-03  1.64427858e+00 
 4.24907781e-03  4.24907781e-03  4.24907781e-03  1.64426134e+00  4.24907781e-03  1.15592331e+00  4.24907781e-03  1.64425958e+00 
 4.25907781e-03  4.25907781e-03  4.25907781e-03  1.64426440e+00  4.25907781e-03  2.18954362e+00  4.25907781e-03  1.64426254e+00 
 4.26907781e-03  4.26907781e-03  4.26907781e-03  1.64428923e+00  4.26907781e-03  1.59384999e+00  4.26907781e-03  1.64428742e+00 
 4.27907781e-03  4.27907781e-03  4.27907781e-03  1.64433607e+00  4.27907781e-03  2.62628386e+00  4.27907781e-03  1.64433416e+00 
 4.28907781e-03  4.28907781e-03  4.28907781e-03  1.64440438e+00  4.28907781e-03  2.02623270e+00  4.28907781e-03  1.64440253e+00 
 4.29907781e-03  4.29907781e-03  4.29907781e-03  1.64449425e+00  4.29907781e-03  3.05405073e+00  4.29907781e-03  1.64449230e+00 
 4.30907781e-03  4.30907781e-03  4.30907781e-03  1.64460497e+00  4.30907781e-03  2.44624676e+00  4.30907781e-03  1.64460308e+00 
 4.31907781e-03  4.31907781e-03  4.31907781e-03  1.64473646e+00  4.31907781e-03  3.46610379e+00  4.31907781e-03  1.64473447e+00 
 4.32907781e-03  4.32907781e-03  4.32907781e-03  1.64488784e+00  4.32907781e-03  2.84726259e+00  4.32907781e-03  1.64488591e+00 
 4.33907781e-03  4.33907781e-03  4.33907781e-03  1.64505887e+00  4.33907781e-03  3.85594987e+00  4.33907781e-03  1.64505684e+00 
 4.34907781e-03  4.34907781e-03  4.34907781e-03  1.64524853e+00  4.34907781e-03  3.22295021e+00  4.34907781e-03  1.64524656e+00 
 4.35907781e-03  4.35907781e-03  4.35907781e-03  1.64545640e+00  4.35907781e-03  4.21725505e+00  4.35907781e-03  1.64545434e+00 
 4.36907781e-03  4.36907781e-03  4.36907781e-03  1.64568133e+00  4.36907781e-03  3.56737903e+00  4.36907781e-03  1.64567932e+00 
 4.37907781e-03  4.37907781e-03  4.37907781e-03  1.64592275e+00  4.37907781e-03  4.54418554e+00  4.37907781e-03  1.64592065e+00 
 4.38907781e-03  4.38907781e-03  4.38907781e-03  1.64617938e+00  4.38907781e-03  3.87511051e+00  4.38907781e-03  1.64617734e+00 
 4.39907781e-03  4.39907781e-03  4.39907781e-03  1.64645054e+00  4.39907781e-03  4.83192131e+00  4.39907781e-03  1.64644841e+00 
 4.40907781e-03  4.40907781e-03  4.40907781e-03  1.64673482e+00  4.40907781e-03  4.14118604e+00  4.40907781e-03  1.64673276e+00 
 4.41907781e-03  4.41907781e-03  4.41907781e-03  1.64703144e+00  4.41907781e-03  5.07597981e+00  4.41907781e-03  1.64702928e+00 
 4.42907781e-03  4.42907781e-03  4.42907781e-03  1.64733888e+00  4.42907781e-03  4.36129700e+00  4.42907781e-03  1.64733679e+00 
 4.43907781e-03  4.43907781e-03  4.43907781e-03  1.64765628e+00  4.43907781e-03  5.27252850e+00  4.43907781e-03  1.64765410e+00 
 4.44907781e-03  4.44907781e-03  4.44907781e-03  1.64798203e+00  4.44907781e-03  4.53218686e+00  4.44907781e-03  1.64797993e+00 
 4.45907781e-03  4.45907781e-03  4.45907781e-03  1.64831520e+00  4.45907781e-03  5.41847676e+00  4.45907781e-03  1.64831301e+00 
 4.46907781e-03  4.46907781e-03  4.46907781e-03  1.64865413e+00  4.46907781e-03  4.65120916e+00  4.46907781e-03  1.64865202e+00 
 4.47907781e-03  4.47907781e-03  4.47907781e-03  1.64899784e+00  4.47907781e-03  5.51153019e+00  4.47907781e-03  1.64899564e+00 
 4.48907781e-03  4.48907781e-03  4.48907781e-03  1.64934461e+00  4.48907781e-03  4.71649110e+00  4.48907781e-03  1.64934249e+00 
 4.49907781e-03  4.49907781e-03  4.49907781e-03  1.64969344e+00  4.49907781e-03  5.55022868e+00  4.49907781e-03  1.64969123e+00 
 4.50907781e-03  4.50907781e-03  4.50907781e-03  1.65004258e+00  4.50907781e-03  4.72700207e+00  4.50907781e-03  1.65004046e+00 
 4.51907781e-03  4.51907781e-03  4.51907781e-03  1.65039103e+00  4.51907781e-03  5.53396804e+00  4.51907781e-03  1.65038883e+00 
 4.52907781e-03  4.52907781e-03  4.52907781e-03  1.65073705e+00  4.52907781e-03  4.68257084e+00  4.52907781e-03  1.65073493e+00 
 4.53907781e-03  4.53907781e-03  4.53907781e-03  1.65107964e+00  4.53907781e-03  5.46301035e+00  4.53907781e-03  1.65107745e+00 
 4.54907781e-03  4.54907781e-03  4.54907781e-03  1.65141709e+00  4.54907781e-03  4.58389026e+00  4.54907781e-03  1.65141498e+00 
 4.55907781e-03  4.55907781e-03  4.55907781e-03  1.65174843e+00  4.55907781e-03  5.33847983e+00  4.55907781e-03  1.65174624e+00 
 4.56907781e-03  4.56907781e-03  4.56907781e-03  1.65207198e+00  4.56907781e-03  4.43250300e+00  4.56907781e-03  1.65206988e+00 
 4.57907781e-03  4.57907781e-03  4.57907781e-03  1.65238684e+00  4.57907781e-03  5.16234446e+00  4.57907781e-03  1.65238467e+00 
 4.58907781e-03  4.58907781e-03  4.58907781e-03  1.65269140e+00  4.58907781e-03  4.23076392e+00  4.58907781e-03  1.65268933e+00 
 4.59907781e-03  4.59907781e-03  4.59907781e-03  1.65298484e+00  4.59907781e-03  4.93738511e+00  4.59907781e-03  1.65298269e+00 
 4.60907781e-03  4.60907781e-03  4.60907781e-03  1.65326560e+00  4.60907781e-03  3.98168967e+00  4.60907781e-03  1.65326355e+00 
 4.61907781e-03  4.61907781e-03  4.61907781e-03  1.65353297e+00  4.61907781e-03  4.66714813e+00  4.61907781e-03  1.65353085e+00 
 4.62907781e-03  4.62907781e-03  4.62907781e-03  1.65378550e+00  4.62907781e-03  3.68912036e+00  4.62907781e-03  1.65378348e+00 
 4.63907781e-03  4.63907781e-03  4.63907781e-03  1.65402258e+00  4.63907781e-03  4.35587846e+00  4.63907781e-03  1.65402050e+00 
 4.64907781e-03  4.64907781e-03  4.64907781e-03  1.65424290e+00  4.64907781e-03  3.35785104e+00  4.64907781e-03  1.65424091e+00 
 4.65907781e-03  4.65907781e-03  4.65907781e-03  1.65444595e+00  4.65907781e-03  4.00830750e+00  4.65907781e-03  1.65444390e+00 
 4.66907781e-03  4.66907781e-03  4.66907781e-03  1.65463056e+00  4.66907781e-03  2.99310886e+00  4.66907781e-03  1.65462861e+00 
 4.67907781e-03  4.67907781e-03  4.67907781e-03  1.65479637e+00  4.67907781e-03  3.62970615e+00  4.67907781e-03  1.65479435e+00 
 4.68907781e-03  4.68907781e-03  4.68907781e-03  1.65494234e+00  4.68907781e-03  2.60064016e+00  4.68907781e-03  1.65494043e+00 
 4.69907781e-03  4.69907781e-03  4.69907781e-03  1.65506828e+00  4.69907781e-03  3.22640758e+00  4.69907781e-03  1.65506631e+00 
 4.70907781e-03  4.70907781e-03  4.70907781e-03  1.65517332e+00  4.70907781e-03  2.18662860e+00  4.70907781e-03  1.65517145e+00 
 4.71907781e-03  4.71907781e-03  4.71907781e-03  1.65525741e+00  4.71907781e-03  2.80479235e+00  4.71907781e-03  1.65525548e+00 
 4.72907781e-03  4.72907781e-03  4.72907781e-03  1.65531986e+00  4.72907781e-03  1.75759755e+00  4.72907781e-03  1.65531803e+00 
 4.73907781e-03  4.73907781e-03  4.73907781e-03  1.65536077e+00  4.73907781e-03  2.37151540e+00  4.73907781e-03  1.65535888e+00 
 4.74907781e-03  4.74907781e-03  4.74907781e-03  1.65537963e+00  4.74907781e-03  1.32030727e+00  4.74907781e-03  1.65537785e+00 
 4.75907781e-03  4.75907781e-03  4.75907781e-03  1.65537673e+00  4.75907781e-03  1.93341561e+00  4.75907781e-03  1.65537489e+00 
 4.76907781e-03  4.76907781e-03  4.76907781e-03  1.65535171e+00  4.76907781e-03  8.81648255e-01  4.76907781e-03  1.65534997e+00 
 4.77907781e-03  4.77907781e-03  4.77907781e-03  1.65530504e+00  4.77907781e-03  1.49740791e+00  4.77907781e-03  1.65530324e+00 
 4.78907781e-03  4.78907781e-03  4.78907781e-03  1.65523653e+00  4.78907781e-03  4.48532576e-01  4.78907781e-03  1.65523483e+00 
 4.79907781e-03  4.79907781e-03  4.79907781e-03  1.65514683e+00  4.79907781e-03  1.07037423e+00  4.79907781e-03  1.65514507e+00 
 4.80907781e-03  4.80907781e-03  4.80907781e-03  1.65503591e+00  4.80907781e-03  2.77848789e-02  4.80907781e-03  1.65503425e+00 
 4.81907781e-03  4.81907781e-03  4.81907781e-03  1.65490459e+00  4.81907781e-03  6.59054995e-01  4.81907781e-03  1.65490287e+00 
 4.82907781e-03  4.82907781e-03  4.82907781e-03  1.65475301e+00  4.82907781e-03 -3.73965229e-01  4.82907781e-03  1.65475139e+00 
 4.83907781e-03  4.83907781e-03  4.83907781e-03  1.65458214e+00  4.83907781e-03  2.69942817e-01  4.83907781e-03  1.65458046e+00 
 4.84907781e-03  4.84907781e-03  4.84907781e-03  1.65439229e+00  4.84907781e-03 -7.50357121e-01  4.84907781e-03  1.65439071e+00 
 4.85907781e-03  4.85907781e-03  4.85907781e-03  1.65418458e+00  4.85907781e-03 -9.08199183e-02  4.85907781e-03  1.65418293e+00 
 4.86907781e-03  4.86907781e-03  4.86907781e-03  1.65395947e+00  4.86907781e-03 -1.09508800e+00  4.86907781e-03  1.65395792e+00 
 4.87907781e-03  4.87907781e-03  4.87907781e-03  1.65371820e+00  4.87907781e-03 -4.17537813e-01  4.87907781e-03  1.65371659e+00 
 4.88907781e-03  4.88907781e-03  4.88907781e-03  1.65346139e+00  4.88907781e-03 -1.40302219e+00  4.88907781e-03  1.65345987e+00 
 4.89907781e-03  4.89907781e-03  4.89907781e-03  1.65319038e+00  4.89907781e-03 -7.05038772e-01  4.89907781e-03  1.65318880e+00 
 4.90907781e-03  4.90907781e-03  4.90907781e-03  1.65290591e+00  4.90907781e-03 -1.66944996e+00  4.90907781e-03  1.65290443e+00 
 4.91907781e-03  4.91907781e-03  4.91907781e-03  1.65260946e+00  4.91907781e-03 -9.48586234e-01  4.91907781e-03  1.65260790e+00 
 4.92907781e-03  4.92907781e-03  4.92907781e-03  1.65230182e+00  4.92907781e-03 -1.89019543e+00  4.92907781e-03  1.65230036e+00 
 4.93907781e-03  4.93907781e-03  4.93907781e-03  1.65198459e+00  4.93907781e-03 -1.14445449e+00  4.93907781e-03  1.65198305e+00 
 4.94907781e-03  4.94907781e-03  4.94907781e-03  1.65165864e+00  4.94907781e-03 -2.06179002e+00  4.94907781e-03  1.65165720e+00 
 4.95907781e-03  4.95907781e-03  4.95907781e-03  1.65132563e+00  4.95907781e-03 -1.28968792e+00  4.95907781e-03  1.65132411e+00 
 4.96907781e-03  4.96907781e-03  4.96907781e-03  1.65098650e+00  4.96907781e-03 -2.18153436e+00  4.96907781e-03  1.65098507e+00 
 4.97907781e-03  4.97907781e-03  4.97907781e-03  1.65064296e+00  4.97907781e-03 -1.38201462e+00  4.97907781e-03  1.65064145e+00 
 4.98907781e-03  4.98907781e-03  4.98907781e-03  1.65029600e+00  4.98907781e-03 -2.24754797e+00  4.98907781e-03  1.65029457e+00 
 4.99907781e-03  4.99907781e-03  4.99907781e-03  1.64994734e+00  4.99907781e-03 -1.41997847e+00  4.99907781e-03  1.64994583e+00 
 5.00907781e-03  5.00907781e-03  5.00907781e-03  1.64959800e+00  5.00907781e-03 -2.25879660e+00  5.00907781e-03  1.64959657e+00 
 5.01907781e-03  5.01907781e-03  5.01907781e-03  1.64924971e+00  5.01907781e-03 -1.40297742e+00  5.01907781e-03  1.64924820e+00 
 5.02907781e-03  5.02907781e-03  5.02907781e-03  1.64890349e+00  5.02907781e-03 -2.21510883e+00  5.02907781e-03  1.64890207e+00 
 5.03907781e-03  5.03907781e-03  5.03907781e-03  1.64856107e+00  5.03907781e-03 -1.33127289e+00  5.03907781e-03  1.64855956e+00 
 5.04907781e-03  5.04907781e-03  5.04907781e-03  1.64822343e+00  5.04907781e-03 -2.11717920e+00  5.04907781e-03  1.64822199e+00 
 5.05907781e-03  5.05907781e-03  5.05907781e-03  1.64789226e+00  5.05907781e-03 -1.20598519e+00  5.05907781e-03  1.64789073e+00 
 5.06907781e-03  5.06907781e-03  5.06907781e-03  1.64756851e+00  5.06907781e-03 -1.96655699e+00  5.06907781e-03  1.64756705e+00 
 5.07907781e-03  5.07907781e-03  5.07907781e-03  1.64725381e+00  5.07907781e-03 -1.02907082e+00  5.07907781e-03  1.64725227e+00 
 5.08907781e-03  5.08907781e-03  5.08907781e-03  1.64694905e+00  5.08907781e-03 -1.76562084e+00  5.08907781e-03  1.64694758e+00 
 5.09907781e-03  5.09907781e-03  5.09907781e-03  1.64665579e+00  5.09907781e-03 -8.03243427e-01  5.09907781e-03  1.64665423e+00 
 5.10907781e-03  5.10907781e-03  5.10907781e-03  1.64637482e+00  5.10907781e-03 -1.51754271e+00  5.10907781e-03  1.64637332e+00 
 5.11907781e-03  5.11907781e-03  5.11907781e-03  1.64610763e+00  5.11907781e-03 -5.31838070e-01  5.11907781e-03  1.64610604e+00 
 5.12907781e-03  5.12907781e-03  5.12907781e-03  1.64585489e+00  5.12907781e-03 -1.22622836e+00  5.12907781e-03  1.64585337e+00 
 5.13907781e-03  5.13907781e-03  5.13907781e-03  1.64561799e+00  5.13907781e-03 -2.19290525e-01  5.13907781e-03  1.64561636e+00 
 5.14907781e-03  5.14907781e-03  5.14907781e-03  1.64539746e+00  5.14907781e-03 -8.96223630e-01  5.14907781e-03  1.64539591e+00 
 5.15907781e-03  5.15907781e-03  5.15907781e-03  1.64519459e+00  5.15907781e-03  1.29410789e-01  5.15907781e-03  1.64519293e+00 
 5.16907781e-03  5.16907781e-03  5.16907781e-03  1.64500978e+00  5.16907781e-03 -5.32392710e-01  5.16907781e-03  1.64500818e+00 
 5.17907781e-03  5.17907781e-03  5.17907781e-03  1.64484414e+00  5.17907781e-03  5.08772296e-01  5.17907781e-03  1.64484245e+00 
 5.18907781e-03  5.18907781e-03  5.18907781e-03  1.64469796e+00  5.18907781e-03 -1.40670496e-01  5.18907781e-03  1.64469633e+00 
 5.19907781e-03  5.19907781e-03  5.19907781e-03  1.64457219e+00  5.19907781e-03  9.12817207e-01  5.19907781e-03  1.64457046e+00 
 5.20907781e-03  5.20907781e-03  5.20907781e-03  1.64446695e+00  5.20907781e-03  2.72594278e-01  5.20907781e-03  1.64446528e+00 
 5.21907781e-03  5.21907781e-03  5.21907781e-03  1.64438303e+00  5.21907781e-03  1.33517944e+00  5.21907781e-03  1.64438126e+00 
 5.22907781e-03  5.22907781e-03  5.22907781e-03  1.64432039e+00  5.22907781e-03  7.00877866e-01  5.22907781e-03  1.64431867e+00 
 5.23907781e-03  5.23907781e-03  5.23907781e-03  1.64427964e+00  5.23907781e-03  1.76920406e+00  5.23907781e-03  1.64427782e+00 
 5.24907781e-03  5.24907781e-03  5.24907781e-03  1.64426058e+00  5.24907781e-03  1.13742002e+00  5.24907781e-03  1.64425882e+00 
 5.25907781e-03  5.25907781e-03  5.25907781e-03  1.64426365e+00  5.25907781e-03  2.20805218e+00  5.25907781e-03  1.64426179e+00 
 5.26907781e-03  5.26907781e-03  5.26907781e-03  1.64428847e+00  5.26907781e-03  1.57533025e+00  5.26907781e-03  1.64428667e+00 
 5.27907781e-03  5.27907781e-03  5.27907781e-03  1.64433531e+00  5.27907781e-03  2.64480889e+00  5.27907781e-03  1.64433340e+00 
 5.28907781e-03  5.28907781e-03  5.28907781e-03  1.64440362e+00  5.28907781e-03  2.00769648e+00  5.28907781e-03  1.64440177e+00 
 5.29907781e-03  5.29907781e-03  5.29907781e-03  1.64449350e+00  5.29907781e-03  3.07259223e+00  5.29907781e-03  1.64449154e+00 
 5.30907781e-03  5.30907781e-03  5.30907781e-03  1.64460421e+00  5.30907781e-03  2.42769406e+00  5.30907781e-03  1.64460232e+00 
 5.31907781e-03  5.31907781e-03  5.31907781e-03  1.64473570e+00  5.31907781e-03  3.48466180e+00  5.31907781e-03  1.64473371e+00 
 5.32907781e-03  5.32907781e-03  5.32907781e-03  1.64488708e+00  5.32907781e-03  2.82869339e+00  5.32907781e-03  1.64488515e+00 
 5.33907781e-03  5.33907781e-03  5.33907781e-03  1.64505812e+00  5.33907781e-03  3.87452409e+00  5.33907781e-03  1.64505609e+00 
 5.34907781e-03  5.34907781e-03  5.34907781e-03  1.64524777e+00  5.34907781e-03  3.20436449e+00  5.34907781e-03  1.64524580e+00 
 5.35907781e-03  5.35907781e-03  5.35907781e-03  1.64545565e+00  5.35907781e-03  4.23582054e+00  5.35907781e-03  1.64545358e+00 
 5.36907781e-03  5.36907781e-03  5.36907781e-03  1.64568057e+00  5.36907781e-03  3.54877678e+00  5.36907781e-03  1.64567856e+00 
 5.37907781e-03  5.37907781e-03  5.37907781e-03  1.64592199e+00  5.37907781e-03  4.56276062e+00  5.37907781e-03  1.64591989e+00 
 5.38907781e-03  5.38907781e-03  5.38907781e-03  1.64617861e+00  5.38907781e-03  3.85649200e+00  5.38907781e-03  1.64617658e+00 
 5.39907781e-03  5.39907781e-03  5.39907781e-03  1.64644978e+00  5.39907781e-03  4.85051151e+00  5.39907781e-03  1.64644764e+00 
 5.40907781e-03  5.40907781e-03  5.40907781e-03  1.64673405e+00  5.40907781e-03  4.12256932e+00  5.40907781e-03  1.64673199e+00 
 5.41907781e-03  5.41907781e-03  5.41907781e-03  1.64703068e+00  5.41907781e-03  5.09458589e+00  5.41907781e-03  1.64702852e+00 
 5.42907781e-03  5.42907781e-03  5.42907781e-03  1.64733811e+00  5.42907781e-03  4.34267438e+00  5.42907781e-03  1.64733603e+00 
 5.43907781e-03  5.43907781e-03  5.43907781e-03  1.64765551e+00  5.43907781e-03  5.29115073e+00  5.43907781e-03  1.64765334e+00 
 5.44907781e-03  5.44907781e-03  5.44907781e-03  1.64798126e+00  5.44907781e-03  4.51355061e+00  5.44907781e-03  1.64797916e+00 
 5.45907781e-03  5.45907781e-03  5.45907781e-03  1.64831444e+00  5.45907781e-03  5.43711561e+00  5.45907781e-03  1.64831225e+00 
 5.46907781e-03  5.46907781e-03  5.46907781e-03  1.64865336e+00  5.46907781e-03  4.63255746e+00  5.46907781e-03  1.64865125e+00 
 5.47907781e-03  5.47907781e-03  5.47907781e-03  1.64899708e+00  5.47907781e-03  5.53018559e+00  5.47907781e-03  1.64899487e+00 
 5.48907781e-03  5.48907781e-03  5.48907781e-03  1.64934384e+00  5.48907781e-03  4.69782297e+00  5.48907781e-03  1.64934172e+00 
 5.49907781e-03  5.49907781e-03  5.49907781e-03  1.64969267e+00  5.49907781e-03  5.56890063e+00  5.49907781e-03  1.64969046e+00 
 5.50907781e-03  5.50907781e-03  5.50907781e-03  1.65004181e+00  5.50907781e-03  4.70831736e+00  5.50907781e-03  1.65003969e+00 
 5.51907781e-03  5.51907781e-03  5.51907781e-03  1.65039027e+00  5.51907781e-03  5.55265661e+00  5.51907781e-03  1.65038806e+00 
 5.52907781e-03  5.52907781e-03  5.52907781e-03  1.65073628e+00  5.52907781e-03  4.66386929e+00  5.52907781e-03  1.65073417e+00 
 5.53907781e-03  5.53907781e-03  5.53907781e-03  1.65107888e+00  5.53907781e-03  5.48171561e+00  5.53907781e-03  1.65107668e+00 
 5.54907781e-03  5.54907781e-03  5.54907781e-03  1.65141632e+00  5.54907781e-03  4.56517154e+00  5.54907781e-03  1.65141421e+00 
 5.55907781e-03  5.55907781e-03  5.55907781e-03  1.65174766e+00  5.55907781e-03  5.35720184e+00  5.55907781e-03  1.65174547e+00 
 5.56907781e-03  5.56907781e-03  5.56907781e-03  1.65207121e+00  5.56907781e-03  4.41376583e+00  5.56907781e-03  1.65206911e+00 
 5.57907781e-03  5.57907781e-03  5.57907781e-03  1.65238608e+00  5.57907781e-03  5.18108319e+00  5.57907781e-03  1.65238390e+00 
 5.58907781e-03  5.58907781e-03  5.58907781e-03  1.65269063e+00  5.58907781e-03  4.21200425e+00  5.58907781e-03  1.65268856e+00 
 5.59907781e-03  5.59907781e-03  5.59907781e-03  1.65298407e+00  5.59907781e-03  4.95614054e+00  5.59907781e-03  1.65298192e+00 
 5.60907781e-03  5.60907781e-03  5.60907781e-03  1.65326483e+00  5.60907781e-03  3.96289067e+00  5.60907781e-03  1.65326278e+00 
 5.61907781e-03  5.61907781e-03  5.61907781e-03  1.65353220e+00  5.61907781e-03  4.68592215e+00  5.61907781e-03  1.65353008e+00 
 5.62907781e-03  5.62907781e-03  5.62907781e-03  1.65378472e+00  5.62907781e-03  3.67030186e+00  5.62907781e-03  1.65378270e+00 
 5.63907781e-03  5.63907781e-03  5.63907781e-03  1.65402181e+00  5.63907781e-03  4.37467171e+00  5.63907781e-03  1.65401972e+00 
 5.64907781e-03  5.64907781e-03  5.64907781e-03  1.65424212e+00  5.64907781e-03  3.33901578e+00  5.64907781e-03  1.65424013e+00 
 5.65907781e-03  5.65907781e-03  5.65907781e-03  1.65444518e+00  5.65907781e-03  4.02714208e+00  5.65907781e-03  1.65444312e+00 
 5.66907781e-03  5.66907781e-03  5.66907781e-03  1.65462978e+00  5.66907781e-03  2.97425684e+00  5.66907781e-03  1.65462783e+00 
 5.67907781e-03  5.67907781e-03  5.67907781e-03  1.65479559e+00  5.67907781e-03  3.64856350e+00  5.67907781e-03  1.65479357e+00 
 5.68907781e-03  5.68907781e-03  5.68907781e-03  1.65494156e+00  5.68907781e-03  2.58177138e+00  5.68907781e-03  1.65493965e+00 
 5.69907781e-03  5.69907781e-03  5.69907781e-03  1.65506751e+00  5.69907781e-03  3.24528171e+00  5.69907781e-03  1.65506553e+00 
 5.70907781e-03  5.70907781e-03  5.70907781e-03  1.65517254e+00  5.70907781e-03  2.16774303e+00  5.70907781e-03  1.65517067e+00 
 5.71907781e-03  5.71907781e-03  5.71907781e-03  1.65525664e+00  5.71907781e-03  2.82368327e+00  5.71907781e-03  1.65525470e+00 
 5.72907781e-03  5.72907781e-03  5.72907781e-03  1.65531908e+00  5.72907781e-03  1.73869519e+00  5.72907781e-03  1.65531725e+00 
 5.73907781e-03  5.73907781e-03  5.73907781e-03  1.65536000e+00  5.73907781e-03  2.39042313e+00  5.73907781e-03  1.65535810e+00 
 5.74907781e-03  5.74907781e-03  5.74907781e-03  1.65537885e+00  5.74907781e-03  1.30138810e+00  5.74907781e-03  1.65537707e+00 
 5.75907781e-03  5.75907781e-03  5.75907781e-03  1.65537596e+00  5.75907781e-03  1.95234016e+00  5.75907781e-03  1.65537411e+00 
 5.76907781e-03  5.76907781e-03  5.76907781e-03  1.65535093e+00  5.76907781e-03  8.62712249e-01  5.76907781e-03  1.65534919e+00 
 5.77907781e-03  5.77907781e-03  5.77907781e-03  1.65530427e+00  5.77907781e-03  1.51634929e+00  5.77907781e-03  1.65530246e+00 
 5.78907781e-03  5.78907781e-03  5.78907781e-03  1.65523575e+00  5.78907781e-03  4.29579726e-01  5.78907781e-03  1.65523405e+00 
 5.79907781e-03  5.79907781e-03  5.79907781e-03  1.65514605e+00  5.79907781e-03  1.08933246e+00  5.79907781e-03  1.65514429e+00 
 5.80907781e-03  5.80907781e-03  5.80907781e-03  1.65503513e+00  5.80907781e-03  8.81517267e-03  5.80907781e-03  1.65503347e+00 
 5.81907781e-03  5.81907781e-03  5.81907781e-03  1.65490381e+00  5.81907781e-03  6.78030096e-01  5.81907781e-03  1.65490209e+00 
 5.82907781e-03  5.82907781e-03  5.82907781e-03  1.65475223e+00  5.82907781e-03 -3.92951803e-01  5.82907781e-03  1.65475061e+00 
 5.83907781e-03  5.83907781e-03  5.83907781e-03  1.65458136e+00  5.83907781e-03  2.88934797e-01  5.83907781e-03  1.65457968e+00 
 5.84907781e-03  5.84907781e-03  5.84907781e-03  1.65439151e+00  5.84907781e-03 -7.69349928e-01  5.84907781e-03  1.65438993e+00 
 5.85907781e-03  5.85907781e-03  5.85907781e-03  1.65418380e+00  5.85907781e-03 -7.18110424e-02  5.85907781e-03  1.65418215e+00 
 5.86907781e-03  5.86907781e-03  5.86907781e-03  1.65395869e+00  5.86907781e-03 -1.11407705e+00  5.86907781e-03  1.65395715e+00 
 5.87907781e-03  5.87907781e-03  5.87907781e-03  1.65371743e+00  5.87907781e-03 -3.98512029e-01  5.87907781e-03  1.65371581e+00 
 5.88907781e-03  5.88907781e-03  5.88907781e-03  1.65346061e+00  5.88907781e-03 -1.42202523e+00  5.88907781e-03  1.65345910e+00 
 5.89907781e-03  5.89907781e-03  5.89907781e-03  1.65318961e+00  5.89907781e-03 -6.86000315e-01  5.89907781e-03  1.65318803e+00 
 5.90907781e-03  5.90907781e-03  5.90907781e-03  1.65290514e+00  5.90907781e-03 -1.68846908e+00  5.90907781e-03  1.65290366e+00 
 5.91907781e-03  5.91907781e-03  5.91907781e-03  1.65260869e+00  5.91907781e-03 -9.29553299e-01  5.91907781e-03  1.65260713e+00 
 5.92907781e-03  5.92907781e-03  5.92907781e-03  1.65230105e+00  5.92907781e-03 -1.90923221e+00  5.92907781e-03  1.65229959e+00 
 5.93907781e-03  5.93907781e-03  5.93907781e-03  1.65198382e+00  5.93907781e-03 -1.12540983e+00  5.93907781e-03  1.65198228e+00 
 5.94907781e-03  5.94907781e-03  5.94907781e-03  1.65165787e+00  5.94907781e-03 -2.08084228e+00  5.94907781e-03  1.65165643e+00 
 5.95907781e-03  5.95907781e-03  5.95907781e-03  1.65132486e+00  5.95907781e-03 -1.27062780e+00  5.95907781e-03  1.65132334e+00 
 5.96907781e-03  5.96907781e-03  5.96907781e-03  1.65098573e+00  5.96907781e-03 -2.20060361e+00  5.96907781e-03  1.65098430e+00 
 5.97907781e-03  5.97907781e-03  5.97907781e-03  1.65064220e+00  5.97907781e-03 -1.36293833e+00  5.97907781e-03  1.65064068e+00 
 5.98907781e-03  5.98907781e-03  5.98907781e-03  1.65029523e+00  5.98907781e-03 -2.26663414e+00  5.98907781e-03  1.65029380e+00 
 5.99907781e-03  5.99907781e-03  5.99907781e-03  1.64994657e+00  5.99907781e-03 -1.40088530e+00  5.99907781e-03  1.64994506e+00 
 6.00907781e-03  6.00907781e-03  6.00907781e-03  1.64959722e+00  6.00907781e-03 -2.27789973e+00  6.00907781e-03  1.64959580e+00 
 6.01907781e-03  6.01907781e-03  6.01907781e-03  1.64924895e+00  6.01907781e-03 -1.38386717e+00  6.01907781e-03  1.64924744e+00 
 6.02907781e-03  6.02907781e-03  6.02907781e-03  1.64890272e+00  6.02907781e-03 -2.23422899e+00  6.02907781e-03  1.64890130e+00 
 6.03907781e-03  6.03907781e-03  6.03907781e-03  1.64856030e+00  6.03907781e-03 -1.31214528e+00  6.03907781e-03  1.64855879e+00 
 6.04907781e-03  6.04907781e-03  6.04907781e-03  1.64822265e+00  6.04907781e-03 -2.13631645e+00  6.04907781e-03  1.64822122e+00 
 6.05907781e-03  6.05907781e-03  6.05907781e-03  1.64789149e+00  6.05907781e-03 -1.18683937e+00  6.05907781e-03  1.64788996e+00 
 6.06907781e-03  6.06907781e-03  6.06907781e-03  1.64756773e+00  6.06907781e-03 -1.98571133e+00  6.06907781e-03  1.64756629e+00 
 6.07907781e-03  6.07907781e-03  6.07907781e-03  1.64725305e+00  6.07907781e-03 -1.00990497e+00  6.07907781e-03  1.64725150e+00 
 6.08907781e-03  6.08907781e-03  6.08907781e-03  1.64694828e+00  6.08907781e-03 -1.78479243e+00  6.08907781e-03  1.64694681e+00 
 6.09907781e-03  6.09907781e-03  6.09907781e-03  1.64665503e+00  6.09907781e-03 -7.84045561e-01  6.09907781e-03  1.64665346e+00 
 6.10907781e-03  6.10907781e-03  6.10907781e-03  1.64637405e+00  6.10907781e-03 -1.53673185e+00  6.10907781e-03  1.64637256e+00 
 6.11907781e-03  6.11907781e-03  6.11907781e-03  1.64610687e+00  6.11907781e-03 -5.12608301e-01  6.11907781e-03  1.64610527e+00 
 6.12907781e-03  6.12907781e-03  6.12907781e-03  1.64585412e+00  6.12907781e-03 -1.24543645e+00  6.12907781e-03  1.64585260e+00 
 6.13907781e-03  6.13907781e-03  6.13907781e-03  1.64561723e+00  6.13907781e-03 -2.00043522e-01  6.13907781e-03  1.64561560e+00 
 6.14907781e-03  6.14907781e-03  6.14907781e-03  1.64539670e+00  6.14907781e-03 -9.15457178e-01  6.14907781e-03  1.64539515e+00 
 6.15907781e-03  6.15907781e-03  6.15907781e-03  1.64519383e+00  6.15907781e-03  1.48674919e-01  6.15907781e-03  1.64519217e+00 
 6.16907781e-03  6.16907781e-03  6.16907781e-03  1.64500901e+00  6.16907781e-03 -5.51668182e-01  6.16907781e-03  1.64500742e+00 
 6.17907781e-03  6.17907781e-03  6.17907781e-03  1.64484338e+00  6.17907781e-03  5.28053562e-01  6.17907781e-03  1.64484169e+00 
 6.18907781e-03  6.18907781e-03  6.18907781e-03  1.64469720e+00  6.18907781e-03 -1.59963294e-01  6.18907781e-03  1.64469557e+00 
 6.19907781e-03  6.19907781e-03  6.19907781e-03  1.64457144e+00  6.19907781e-03  9.32115627e-01  6.19907781e-03  1.64456970e+00 
 6.20907781e-03  6.20907781e-03  6.20907781e-03  1.64446619e+00  6.20907781e-03  2.53284315e-01  6.20907781e-03  1.64446452e+00 
 6.21907781e-03  6.21907781e-03  6.21907781e-03  1.64438228e+00  6.21907781e-03  1.35449503e+00  6.21907781e-03  1.64438050e+00 
 6.22907781e-03  6.22907781e-03  6.22907781e-03  1.64431963e+00  6.22907781e-03  6.81550729e-01  6.22907781e-03  1.64431791e+00 
 6.23907781e-03  6.23907781e-03  6.23907781e-03  1.64427888e+00  6.23907781e-03  1.78853683e+00  6.23907781e-03  1.64427706e+00 
 6.24907781e-03  6.24907781e-03  6.24907781e-03  1.64425982e+00  6.24907781e-03  1.11807569e+00  6.24907781e-03  1.64425806e+00 
 6.25907781e-03  6.25907781e-03  6.25907781e-03  1.64426289e+00  6.25907781e-03  2.22740215e+00  6.25907781e-03  1.64426103e+00 
 6.26907781e-03  6.26907781e-03  6.26907781e-03  1.64428771e+00  6.26907781e-03  1.55596872e+00  6.26907781e-03  1.64428591e+00 
 6.27907781e-03  6.27907781e-03  6.27907781e-03  1.64433455e+00  6.27907781e-03  2.66417607e+00  6.27907781e-03  1.64433264e+00 
 6.28907781e-03  6.28907781e-03  6.28907781e-03  1.64440286e+00  6.28907781e-03  1.98831772e+00  6.28907781e-03  1.64440101e+00 
 6.29907781e-03  6.29907781e-03  6.29907781e-03  1.64449274e+00  6.29907781e-03  3.09197664e+00  6.29907781e-03  1.64449078e+00 
 6.30907781e-03  6.30907781e-03  6.30907781e-03  1.64460345e+00  6.30907781e-03  2.40829806e+00  6.30907781e-03  1.64460156e+00 
 6.31907781e-03  6.31907781e-03  6.31907781e-03  1.64473495e+00  6.31907781e-03  3.50406345e+00  6.31907781e-03  1.64473295e+00 
 6.32907781e-03  6.32907781e-03  6.32907781e-03  1.64488632e+00  6.32907781e-03  2.80928014e+00  6.32907781e-03  1.64488439e+00 
 6.33907781e-03  6.33907781e-03  6.33907781e-03  1.64505736e+00  6.33907781e-03  3.89394255e+00  6.33907781e-03  1.64505533e+00 
 6.34907781e-03  6.34907781e-03  6.34907781e-03  1.64524701e+00  6.34907781e-03  3.18493397e+00  6.34907781e-03  1.64524504e+00 
 6.35907781e-03  6.35907781e-03  6.35907781e-03  1.64545489e+00  6.35907781e-03  4.25522929e+00  6.35907781e-03  1.64545282e+00 
 6.36907781e-03  6.36907781e-03  6.36907781e-03  1.64567980e+00  6.36907781e-03  3.52932897e+00  6.36907781e-03  1.64567780e+00 
 6.37907781e-03  6.37907781e-03  6.37907781e-03  1.64592123e+00  6.37907781e-03  4.58217997e+00  6.37907781e-03  1.64591912e+00 
 6.38907781e-03  6.38907781e-03  6.38907781e-03  1.64617784e+00  6.38907781e-03  3.83702710e+00  6.38907781e-03  1.64617581e+00 
 6.39907781e-03  6.39907781e-03  6.39907781e-03  1.64644901e+00  6.39907781e-03  4.86994707e+00  6.39907781e-03  1.64644688e+00 
 6.40907781e-03  6.40907781e-03  6.40907781e-03  1.64673328e+00  6.40907781e-03  4.10310424e+00  6.40907781e-03  1.64673122e+00 
 6.41907781e-03  6.41907781e-03  6.41907781e-03  1.64702991e+00  6.41907781e-03  5.11403781e+00  6.41907781e-03  1.64702775e+00 
 6.42907781e-03  6.42907781e-03  6.42907781e-03  1.64733734e+00  6.42907781e-03  4.32320528e+00  6.42907781e-03  1.64733526e+00 
 6.43907781e-03  6.43907781e-03  6.43907781e-03  1.64765474e+00  6.43907781e-03  5.31061951e+00  6.43907781e-03  1.64765257e+00 
 6.44907781e-03  6.44907781e-03  6.44907781e-03  1.64798049e+00  6.44907781e-03  4.49406714e+00  6.44907781e-03  1.64797839e+00 
 6.45907781e-03  6.45907781e-03  6.45907781e-03  1.64831367e+00  6.45907781e-03  5.45660173e+00  6.45907781e-03  1.64831148e+00 
 6.46907781e-03  6.46907781e-03  6.46907781e-03  1.64865259e+00  6.46907781e-03  4.61305674e+00  6.46907781e-03  1.64865048e+00 
 6.47907781e-03  6.47907781e-03  6.47907781e-03  1.64899631e+00  6.47907781e-03  5.54968906e+00  6.47907781e-03  1.64899410e+00 
 6.48907781e-03  6.48907781e-03  6.48907781e-03  1.64934307e+00  6.48907781e-03  4.67830627e+00  6.48907781e-03  1.64934095e+00 
 6.49907781e-03  6.49907781e-03  6.49907781e-03  1.64969190e+00  6.49907781e-03  5.58842140e+00  6.49907781e-03  1.64968969e+00 
 6.50907781e-03  6.50907781e-03  6.50907781e-03  1.65004104e+00  6.50907781e-03  4.68878328e+00  6.50907781e-03  1.65003892e+00 
 6.51907781e-03  6.51907781e-03  6.51907781e-03  1.65038950e+00  6.51907781e-03  5.57219475e+00  6.51907781e-03  1.65038729e+00 
 6.52907781e-03  6.52907781e-03  6.52907781e-03  1.65073551e+00  6.52907781e-03  4.64431762e+00  6.52907781e-03  1.65073339e+00 
 6.53907781e-03  6.53907781e-03  6.53907781e-03  1.65107811e+00  6.53907781e-03  5.50127120e+00  6.53907781e-03  1.65107591e+00 
 6.54907781e-03  6.54907781e-03  6.54907781e-03  1.65141554e+00  6.54907781e-03  4.54560190e+00  6.54907781e-03  1.65141344e+00 
 6.55907781e-03  6.55907781e-03  6.55907781e-03  1.65174689e+00  6.55907781e-03  5.37677489e+00  6.55907781e-03  1.65174470e+00 
 6.56907781e-03  6.56907781e-03  6.56907781e-03  1.65207043e+00  6.56907781e-03  4.39417668e+00  6.56907781e-03  1.65206834e+00 
 6.57907781e-03  6.57907781e-03  6.57907781e-03  1.65238530e+00  6.57907781e-03  5.20067373e+00  6.57907781e-03  1.65238313e+00 
 6.58907781e-03  6.58907781e-03  6.58907781e-03  1.65268986e+00  6.58907781e-03  4.19239075e+00  6.58907781e-03  1.65268778e+00 
 6.59907781e-03  6.59907781e-03  6.59907781e-03  1.65298329e+00  6.59907781e-03  4.97574942e+00  6.59907781e-03  1.65298114e+00 
 6.60907781e-03  6.60907781e-03  6.60907781e-03  1.65326405e+00  6.60907781e-03  3.94323627e+00  6.60907781e-03  1.65326200e+00 
 6.61907781e-03  6.61907781e-03  6.61907781e-03  1.65353142e+00  6.61907781e-03  4.70554846e+00  6.61907781e-03  1.65352930e+00 
 6.62907781e-03  6.62907781e-03  6.62907781e-03  1.65378394e+00  6.62907781e-03  3.65062797e+00  6.62907781e-03  1.65378192e+00 
 6.63907781e-03  6.63907781e-03  6.63907781e-03  1.65402103e+00  6.63907781e-03  4.39431927e+00  6.63907781e-03  1.65401894e+00 
 6.64907781e-03  6.64907781e-03  6.64907781e-03  1.65424133e+00  6.64907781e-03  3.31932438e+00  6.64907781e-03  1.65423934e+00 
 6.65907781e-03  6.65907781e-03  6.65907781e-03  1.65444439e+00  6.65907781e-03  4.04683086e+00  6.65907781e-03  1.65444233e+00 
 6.66907781e-03  6.66907781e-03  6.66907781e-03  1.65462899e+00  6.66907781e-03  2.95454793e+00  6.66907781e-03  1.65462704e+00 
 6.67907781e-03  6.67907781e-03  6.67907781e-03  1.65479481e+00  6.67907781e-03  3.66827811e+00  6.67907781e-03  1.65479279e+00 
 6.68907781e-03  6.68907781e-03  6.68907781e-03  1.65494077e+00  6.68907781e-03  2.56204493e+00  6.68907781e-03  1.65493886e+00 
 6.69907781e-03  6.69907781e-03  6.69907781e-03  1.65506672e+00  6.69907781e-03  3.26501386e+00  6.69907781e-03  1.65506474e+00 
 6.70907781e-03  6.70907781e-03  6.70907781e-03  1.65517175e+00  6.70907781e-03  2.14799904e+00  6.70907781e-03  1.65516988e+00 
 6.71907781e-03  6.71907781e-03  6.71907781e-03  1.65525585e+00  6.71907781e-03  2.84343297e+00  6.71907781e-03  1.65525391e+00 
 6.72907781e-03  6.72907781e-03  6.72907781e-03  1.65531829e+00  6.72907781e-03  1.71893363e+00  6.72907781e-03  1.65531646e+00 
 6.73907781e-03  6.73907781e-03  6.73907781e-03  1.65535921e+00  6.73907781e-03  2.41019040e+00  6.73907781e-03  1.65535732e+00 
 6.74907781e-03  6.74907781e-03  6.74907781e-03  1.65537807e+00  6.74907781e-03  1.28160896e+00  6.74907781e-03  1.65537628e+00 
 6.75907781e-03  6.75907781e-03  6.75907781e-03  1.65537517e+00  6.75907781e-03  1.97212502e+00  6.75907781e-03  1.65537332e+00 
 6.76907781e-03  6.76907781e-03  6.76907781e-03  1.65535014e+00  6.76907781e-03  8.42915521e-01  6.76907781e-03  1.65534841e+00 
 6.77907781e-03  6.77907781e-03  6.77907781e-03  1.65530348e+00  6.77907781e-03  1.53615175e+00  6.77907781e-03  1.65530167e+00 
 6.78907781e-03  6.78907781e-03  6.78907781e-03  1.65523496e+00  6.78907781e-03  4.09765388e-01  6.78907781e-03  1.65523327e+00 
 6.79907781e-03  6.79907781e-03  6.79907781e-03  1.65514527e+00  6.79907781e-03  1.10915254e+00  6.79907781e-03  1.65514350e+00 
 6.80907781e-03  6.80907781e-03  6.80907781e-03  1.65503434e+00  6.80907781e-03 -1.10167923e-02  6.80907781e-03  1.65503269e+00 
 6.81907781e-03  6.81907781e-03  6.81907781e-03  1.65490303e+00  6.81907781e-03  6.97867803e-01  6.81907781e-03  1.65490130e+00 
 6.82907781e-03  6.82907781e-03  6.82907781e-03  1.65475144e+00  6.82907781e-03 -4.12801399e-01  6.82907781e-03  1.65474983e+00 
 6.83907781e-03  6.83907781e-03  6.83907781e-03  1.65458058e+00  6.83907781e-03  3.08790155e-01  6.83907781e-03  1.65457890e+00 
 6.84907781e-03  6.84907781e-03  6.84907781e-03  1.65439072e+00  6.84907781e-03 -7.89203594e-01  6.84907781e-03  1.65438915e+00 
 6.85907781e-03  6.85907781e-03  6.85907781e-03  1.65418302e+00  6.85907781e-03 -5.19380192e-02  6.85907781e-03  1.65418137e+00 
 6.86907781e-03  6.86907781e-03  6.86907781e-03  1.65395790e+00  6.86907781e-03 -1.13392891e+00  6.86907781e-03  1.65395636e+00 
 6.87907781e-03  6.87907781e-03  6.87907781e-03  1.65371665e+00  6.87907781e-03 -3.78621327e-01  6.87907781e-03  1.65371503e+00 
 6.88907781e-03  6.88907781e-03  6.88907781e-03  1.65345983e+00  6.88907781e-03 -1.44189258e+00  6.88907781e-03  1.65345832e+00 
 6.89907781e-03  6.89907781e-03  6.89907781e-03  1.65318884e+00  6.89907781e-03 -6.66095055e-01  6.89907781e-03  1.65318725e+00 
 6.90907781e-03  6.90907781e-03  6.90907781e-03  1.65290436e+00  6.90907781e-03 -1.70835297e+00  6.90907781e-03  1.65290288e+00 
 6.91907781e-03  6.91907781e-03  6.91907781e-03  1.65260791e+00  6.91907781e-03 -9.09653892e-01  6.91907781e-03  1.65260635e+00 
 6.92907781e-03  6.92907781e-03  6.92907781e-03  1.65230027e+00  6.92907781e-03 -1.92913211e+00  6.92907781e-03  1.65229881e+00 
 6.93907781e-03  6.93907781e-03  6.93907781e-03  1.65198305e+00  6.93907781e-03 -1.10549894e+00  6.93907781e-03  1.65198151e+00 
 6.94907781e-03  6.94907781e-03  6.94907781e-03  1.65165709e+00  6.94907781e-03 -2.10076049e+00  6.94907781e-03  1.65165565e+00 
 6.95907781e-03  6.95907781e-03  6.95907781e-03  1.65132409e+00  6.95907781e-03 -1.25070105e+00  6.95907781e-03  1.65132257e+00 
 6.96907781e-03  6.96907781e-03  6.96907781e-03  1.65098495e+00  6.96907781e-03 -2.22053960e+00  6.96907781e-03  1.65098353e+00 
 6.97907781e-03  6.97907781e-03  6.97907781e-03  1.65064142e+00  6.97907781e-03 -1.34299483e+00  6.97907781e-03  1.65063991e+00 
 6.98907781e-03  6.98907781e-03  6.98907781e-03  1.65029445e+00  6.98907781e-03 -2.28658784e+00  6.98907781e-03  1.65029303e+00 
 6.99907781e-03  6.99907781e-03  6.99907781e-03  1.64994580e+00  6.99907781e-03 -1.38092410e+00  6.99907781e-03  1.64994429e+00 
 7.00907781e-03  7.00907781e-03  7.00907781e-03  1.64959645e+00  7.00907781e-03 -2.29787117e+00  7.00907781e-03  1.64959503e+00 
 7.01907781e-03  7.01907781e-03  7.01907781e-03  1.64924817e+00  7.01907781e-03 -1.36388811e+00  7.01907781e-03  1.64924666e+00 
 7.02907781e-03  7.02907781e-03  7.02907781e-03  1.64890194e+00  7.02907781e-03 -2.25421822e+00  7.02907781e-03  1.64890052e+00 
 7.03907781e-03  7.03907781e-03  7.03907781e-03  1.64855953e+00  7.03907781e-03 -1.29214805e+00  7.03907781e-03  1.64855801e+00 
 7.04907781e-03  7.04907781e-03  7.04907781e-03  1.64822188e+00  7.04907781e-03 -2.15632353e+00  7.04907781e-03  1.64822044e+00 
 7.05907781e-03  7.05907781e-03  7.05907781e-03  1.64789072e+00  7.05907781e-03 -1.16682294e+00  7.05907781e-03  1.64788919e+00 
 7.06907781e-03  7.06907781e-03  7.06907781e-03  1.64756696e+00  7.06907781e-03 -2.00573625e+00  7.06907781e-03  1.64756551e+00 
 7.07907781e-03  7.07907781e-03  7.07907781e-03  1.64725228e+00  7.07907781e-03 -9.89866948e-01  7.07907781e-03  1.64725073e+00 
 7.08907781e-03  7.08907781e-03  7.08907781e-03  1.64694750e+00  7.08907781e-03 -1.80483542e+00  7.08907781e-03  1.64694604e+00 
 7.09907781e-03  7.09907781e-03  7.09907781e-03  1.64665426e+00  7.09907781e-03 -7.63972469e-01  7.09907781e-03  1.64665269e+00 
 7.10907781e-03  7.10907781e-03  7.10907781e-03  1.64637328e+00  7.10907781e-03 -1.55679363e+00  7.10907781e-03  1.64637179e+00 
 7.11907781e-03  7.11907781e-03  7.11907781e-03  1.64610610e+00  7.11907781e-03 -4.92504302e-01  7.11907781e-03  1.64610450e+00 
 7.12907781e-03  7.12907781e-03  7.12907781e-03  1.64585335e+00  7.12907781e-03 -1.26551744e+00  7.12907781e-03  1.64585183e+00 
 7.13907781e-03  7.13907781e-03  7.13907781e-03  1.64561646e+00  7.13907781e-03 -1.79921548e-01  7.13907781e-03  1.64561484e+00 
 7.14907781e-03  7.14907781e-03  7.14907781e-03  1.64539593e+00  7.14907781e-03 -9.35563526e-01  7.14907781e-03  1.64539438e+00 
 7.15907781e-03  7.15907781e-03  7.15907781e-03  1.64519307e+00  7.15907781e-03  1.68814796e-01  7.15907781e-03  1.64519141e+00 
 7.16907781e-03  7.16907781e-03  7.16907781e-03  1.64500825e+00  7.16907781e-03 -5.71819701e-01  7.16907781e-03  1.64500666e+00 
 7.17907781e-03  7.17907781e-03  7.17907781e-03  1.64484262e+00  7.17907781e-03  5.48211359e-01  7.17907781e-03  1.64484092e+00 
 7.18907781e-03  7.18907781e-03  7.18907781e-03  1.64469644e+00  7.18907781e-03 -1.80133040e-01  7.18907781e-03  1.64469481e+00 
 7.19907781e-03  7.19907781e-03  7.19907781e-03  1.64457067e+00  7.19907781e-03  9.52291355e-01  7.19907781e-03  1.64456893e+00 
 7.20907781e-03  7.20907781e-03  7.20907781e-03  1.64446543e+00  7.20907781e-03  2.33096632e-01  7.20907781e-03  1.64446376e+00 
 7.21907781e-03  7.21907781e-03  7.21907781e-03  1.64438151e+00  7.21907781e-03  1.37468871e+00  7.21907781e-03  1.64437973e+00 
 7.22907781e-03  7.22907781e-03  7.22907781e-03  1.64431886e+00  7.22907781e-03  6.61345086e-01  7.22907781e-03  1.64431715e+00 
 7.23907781e-03  7.23907781e-03  7.23907781e-03  1.64427812e+00  7.23907781e-03  1.80874847e+00  7.23907781e-03  1.64427630e+00 
 7.24907781e-03  7.24907781e-03  7.24907781e-03  1.64425905e+00  7.24907781e-03  1.09785208e+00  7.24907781e-03  1.64425730e+00 
 7.25907781e-03  7.25907781e-03  7.25907781e-03  1.64426213e+00  7.25907781e-03  2.24763177e+00  7.25907781e-03  1.64426026e+00 
 7.26907781e-03  7.26907781e-03  7.26907781e-03  1.64428694e+00  7.26907781e-03  1.53572711e+00  7.26907781e-03  1.64428514e+00 
 7.27907781e-03  7.27907781e-03  7.27907781e-03  1.64433379e+00  7.27907781e-03  2.68442369e+00  7.27907781e-03  1.64433188e+00 
 7.28907781e-03  7.28907781e-03  7.28907781e-03  1.64440209e+00  7.28907781e-03  1.96805812e+00  7.28907781e-03  1.64440025e+00 
 7.29907781e-03  7.29907781e-03  7.29907781e-03  1.64449197e+00  7.29907781e-03  3.11224228e+00  7.29907781e-03  1.64449002e+00 
 7.30907781e-03  7.30907781e-03  7.30907781e-03  1.64460268e+00  7.30907781e-03  2.38802043e+00  7.30907781e-03  1.64460080e+00 
 7.31907781e-03  7.31907781e-03  7.31907781e-03  1.64473418e+00  7.31907781e-03  3.52434711e+00  7.31907781e-03  1.64473219e+00 
 7.32907781e-03  7.32907781e-03  7.32907781e-03  1.64488555e+00  7.32907781e-03  2.78898447e+00  7.32907781e-03  1.64488363e+00 
 7.33907781e-03  7.33907781e-03  7.33907781e-03  1.64505660e+00  7.33907781e-03  3.91424351e+00  7.33907781e-03  1.64505456e+00 
 7.34907781e-03  7.34907781e-03  7.34907781e-03  1.64524624e+00  7.34907781e-03  3.16462025e+00  7.34907781e-03  1.64524428e+00 
 7.35907781e-03  7.35907781e-03  7.35907781e-03  1.64545412e+00  7.35907781e-03  4.27551949e+00  7.35907781e-03  1.64545205e+00 
 7.36907781e-03  7.36907781e-03  7.36907781e-03  1.64567903e+00  7.36907781e-03  3.50899718e+00  7.36907781e-03  1.64567703e+00 
 7.37907781e-03  7.37907781e-03  7.37907781e-03  1.64592046e+00  7.37907781e-03  4.60248199e+00  7.37907781e-03  1.64591835e+00 
 7.38907781e-03  7.38907781e-03  7.38907781e-03  1.64617707e+00  7.38907781e-03  3.81667736e+00  7.38907781e-03  1.64617504e+00 
 7.39907781e-03  7.39907781e-03  7.39907781e-03  1.64644824e+00  7.39907781e-03  4.89026613e+00  7.39907781e-03  1.64644610e+00 
 7.40907781e-03  7.40907781e-03  7.40907781e-03  1.64673250e+00  7.40907781e-03  4.08275201e+00  7.40907781e-03  1.64673045e+00 
 7.41907781e-03  7.41907781e-03  7.41907781e-03  1.64702913e+00  7.41907781e-03  5.13437400e+00  7.41907781e-03  1.64702697e+00 
 7.42907781e-03  7.42907781e-03  7.42907781e-03  1.64733656e+00  7.42907781e-03  4.30285084e+00  7.42907781e-03  1.64733448e+00 
 7.43907781e-03  7.43907781e-03  7.43907781e-03  1.64765397e+00  7.43907781e-03  5.33097333e+00  7.43907781e-03  1.64765179e+00 
 7.44907781e-03  7.44907781e-03  7.44907781e-03  1.64797971e+00  7.44907781e-03  4.47369798e+00  7.44907781e-03  1.64797761e+00 
 7.45907781e-03  7.45907781e-03  7.45907781e-03  1.64831290e+00  7.45907781e-03  5.47697362e+00  7.45907781e-03  1.64831070e+00 
 7.46907781e-03  7.46907781e-03  7.46907781e-03  1.64865181e+00  7.46907781e-03  4.59267032e+00  7.46907781e-03  1.64864970e+00 
 7.47907781e-03  7.47907781e-03  7.47907781e-03  1.64899553e+00  7.47907781e-03  5.57007911e+00  7.47907781e-03  1.64899333e+00 
 7.48907781e-03  7.48907781e-03  7.48907781e-03  1.64934229e+00  7.48907781e-03  4.65790241e+00  7.48907781e-03  1.64934017e+00 
 7.49907781e-03  7.49907781e-03  7.49907781e-03  1.64969113e+00  7.49907781e-03  5.60882957e+00  7.49907781e-03  1.64968891e+00 
 7.50907781e-03  7.50907781e-03  7.50907781e-03  1.65004026e+00  7.50907781e-03  4.66836124e+00  7.50907781e-03  1.65003814e+00 
 7.51907781e-03  7.51907781e-03  7.51907781e-03  1.65038872e+00  7.51907781e-03  5.59262108e+00  7.51907781e-03  1.65038651e+00 
 7.52907781e-03  7.52907781e-03  7.52907781e-03  1.65073473e+00  7.52907781e-03  4.62387717e+00  7.52907781e-03  1.65073261e+00 
 7.53907781e-03  7.53907781e-03  7.53907781e-03  1.65107733e+00  7.53907781e-03  5.52171575e+00  7.53907781e-03  1.65107513e+00 
 7.54907781e-03  7.54907781e-03  7.54907781e-03  1.65141476e+00  7.54907781e-03  4.52514157e+00  7.54907781e-03  1.65141266e+00 
 7.55907781e-03  7.55907781e-03  7.55907781e-03  1.65174611e+00  7.55907781e-03  5.39723769e+00  7.55907781e-03  1.65174392e+00 
 7.56907781e-03  7.56907781e-03  7.56907781e-03  1.65206965e+00  7.56907781e-03  4.37369677e+00  7.56907781e-03  1.65206756e+00 
 7.57907781e-03  7.57907781e-03  7.57907781e-03  1.65238453e+00  7.57907781e-03  5.22115479e+00  7.57907781e-03  1.65238235e+00 
 7.58907781e-03  7.58907781e-03  7.58907781e-03  1.65268907e+00  7.58907781e-03  4.17188432e+00  7.58907781e-03  1.65268700e+00 
 7.59907781e-03  7.59907781e-03  7.59907781e-03  1.65298252e+00  7.59907781e-03  4.99625017e+00  7.59907781e-03  1.65298036e+00 
 7.60907781e-03  7.60907781e-03  7.60907781e-03  1.65326326e+00  7.60907781e-03  3.92268779e+00  7.60907781e-03  1.65326122e+00 
 7.61907781e-03  7.61907781e-03  7.61907781e-03  1.65353064e+00  7.61907781e-03  4.72606767e+00  7.61907781e-03  1.65352851e+00 
 7.62907781e-03  7.62907781e-03  7.62907781e-03  1.65378315e+00  7.62907781e-03  3.63005981e+00  7.62907781e-03  1.65378113e+00 
 7.63907781e-03  7.63907781e-03  7.63907781e-03  1.65402024e+00  7.63907781e-03  4.41485963e+00  7.63907781e-03  1.65401815e+00 
 7.64907781e-03  7.64907781e-03  7.64907781e-03  1.65424054e+00  7.64907781e-03  3.29873792e+00  7.64907781e-03  1.65423855e+00 
 7.65907781e-03  7.65907781e-03  7.65907781e-03  1.65444360e+00  7.65907781e-03  4.06741221e+00  7.65907781e-03  1.65444154e+00 
 7.66907781e-03  7.66907781e-03  7.66907781e-03  1.65462820e+00  7.66907781e-03  2.93394315e+00  7.66907781e-03  1.65462625e+00 
 7.67907781e-03  7.67907781e-03  7.67907781e-03  1.65479402e+00  7.67907781e-03  3.68888894e+00  7.67907781e-03  1.65479199e+00 
 7.68907781e-03  7.68907781e-03  7.68907781e-03  1.65493998e+00  7.68907781e-03  2.54142183e+00  7.68907781e-03  1.65493807e+00 
 7.69907781e-03  7.69907781e-03  7.69907781e-03  1.65506593e+00  7.69907781e-03  3.28564304e+00  7.69907781e-03  1.65506395e+00 
 7.70907781e-03  7.70907781e-03  7.70907781e-03  1.65517096e+00  7.70907781e-03  2.12735759e+00  7.70907781e-03  1.65516909e+00 
 7.71907781e-03  7.71907781e-03  7.71907781e-03  1.65525506e+00  7.71907781e-03  2.86408050e+00  7.71907781e-03  1.65525312e+00 
 7.72907781e-03  7.72907781e-03  7.72907781e-03  1.65531749e+00  7.72907781e-03  1.69827382e+00  7.72907781e-03  1.65531567e+00 
 7.73907781e-03  7.73907781e-03  7.73907781e-03  1.65535842e+00  7.73907781e-03  2.43085630e+00  7.73907781e-03  1.65535653e+00 
 7.74907781e-03  7.74907781e-03  7.74907781e-03  1.65537727e+00  7.74907781e-03  1.26093078e+00  7.74907781e-03  1.65537549e+00 
 7.75907781e-03  7.75907781e-03  7.75907781e-03  1.65537438e+00  7.75907781e-03  1.99280930e+00  7.75907781e-03  1.65537253e+00 
 7.76907781e-03  7.76907781e-03  7.76907781e-03  1.65534935e+00  7.76907781e-03  8.22218945e-01  7.76907781e-03  1.65534761e+00 
 7.77907781e-03  7.77907781e-03  7.77907781e-03  1.65530269e+00  7.77907781e-03  1.55685443e+00  7.77907781e-03  1.65530088e+00 
 7.78907781e-03  7.78907781e-03  7.78907781e-03  1.65523417e+00  7.78907781e-03  3.89050402e-01  7.78907781e-03  1.65523248e+00 
 7.79907781e-03  7.79907781e-03  7.79907781e-03  1.65514448e+00  7.79907781e-03  1.12987364e+00  7.79907781e-03  1.65514271e+00 
 7.80907781e-03  7.80907781e-03  7.80907781e-03  1.65503355e+00  7.80907781e-03 -3.17502040e-02  7.80907781e-03  1.65503190e+00 
 7.81907781e-03  7.81907781e-03  7.81907781e-03  1.65490224e+00  7.81907781e-03  7.18607339e-01  7.81907781e-03  1.65490051e+00 
 7.82907781e-03  7.82907781e-03  7.82907781e-03  1.65475065e+00  7.82907781e-03 -4.33553237e-01  7.82907781e-03  1.65474903e+00 
 7.83907781e-03  7.83907781e-03  7.83907781e-03  1.65457979e+00  7.83907781e-03  3.29548139e-01  7.83907781e-03  1.65457810e+00 
 7.84907781e-03  7.84907781e-03  7.84907781e-03  1.65438993e+00  7.84907781e-03 -8.09957064e-01  7.84907781e-03  1.65438836e+00 
 7.85907781e-03  7.85907781e-03  7.85907781e-03  1.65418223e+00  7.85907781e-03 -3.11615658e-02  7.85907781e-03  1.65418058e+00 
 7.86907781e-03  7.86907781e-03  7.86907781e-03  1.65395711e+00  7.86907781e-03 -1.15468281e+00  7.86907781e-03  1.65395557e+00 
 7.87907781e-03  7.87907781e-03  7.87907781e-03  1.65371586e+00  7.87907781e-03 -3.57826389e-01  7.87907781e-03  1.65371425e+00 
 7.88907781e-03  7.88907781e-03  7.88907781e-03  1.65345904e+00  7.88907781e-03 -1.46266181e+00  7.88907781e-03  1.65345754e+00 
 7.89907781e-03  7.89907781e-03  7.89907781e-03  1.65318806e+00  7.89907781e-03 -6.45283836e-01  7.89907781e-03  1.65318647e+00 
 7.90907781e-03  7.90907781e-03  7.90907781e-03  1.65290358e+00  7.90907781e-03 -1.72913998e+00  7.90907781e-03  1.65290210e+00 
 7.91907781e-03  7.91907781e-03  7.91907781e-03  1.65260714e+00  7.91907781e-03 -8.88848670e-01  7.91907781e-03  1.65260557e+00 
 7.92907781e-03  7.92907781e-03  7.92907781e-03  1.65229949e+00  7.92907781e-03 -1.94993871e+00  7.92907781e-03  1.65229803e+00 
 7.93907781e-03  7.93907781e-03  7.93907781e-03  1.65198227e+00  7.93907781e-03 -1.08468273e+00  7.93907781e-03  1.65198073e+00 
 7.94907781e-03  7.94907781e-03  7.94907781e-03  1.65165631e+00  7.94907781e-03 -2.12158399e+00  7.94907781e-03  1.65165487e+00 
 7.95907781e-03  7.95907781e-03  7.95907781e-03  1.65132331e+00  7.95907781e-03 -1.22986827e+00  7.95907781e-03  1.65132178e+00 
 7.96907781e-03  7.96907781e-03  7.96907781e-03  1.65098417e+00  7.96907781e-03 -2.24138169e+00  7.96907781e-03  1.65098275e+00 
 7.97907781e-03  7.97907781e-03  7.97907781e-03  1.65064065e+00  7.97907781e-03 -1.32214335e+00  7.97907781e-03  1.65063913e+00 
 7.98907781e-03  7.98907781e-03  7.98907781e-03  1.65029367e+00  7.98907781e-03 -2.30744852e+00  7.98907781e-03  1.65029225e+00 
 7.99907781e-03  7.99907781e-03  7.99907781e-03  1.64994502e+00  7.99907781e-03 -1.36005545e+00  7.99907781e-03  1.64994351e+00 
 8.00907781e-03  8.00907781e-03  8.00907781e-03  1.64959566e+00  8.00907781e-03 -2.31875037e+00  8.00907781e-03  1.64959425e+00 
 8.01907781e-03  8.01907781e-03  8.01907781e-03  1.64924740e+00  8.01907781e-03 -1.34300074e+00  8.01907781e-03  1.64924588e+00 
 8.02907781e-03  8.02907781e-03  8.02907781e-03  1.64890116e+00  8.02907781e-03 -2.27511602e+00  8.02907781e-03  1.64889974e+00 
 8.03907781e-03  8.03907781e-03  8.03907781e-03  1.64855875e+00  8.03907781e-03 -1.27124080e+00  8.03907781e-03  1.64855723e+00 
 8.04907781e-03  8.04907781e-03  8.04907781e-03  1.64822109e+00  8.04907781e-03 -2.17723998e+00  8.04907781e-03  1.64821966e+00 
 8.05907781e-03  8.05907781e-03  8.05907781e-03  1.64788994e+00  8.05907781e-03 -1.14589630e+00  8.05907781e-03  1.64788841e+00 
 8.06907781e-03  8.06907781e-03  8.06907781e-03  1.64756618e+00  8.06907781e-03 -2.02667132e+00  8.06907781e-03  1.64756473e+00 
 8.07907781e-03  8.07907781e-03  8.07907781e-03  1.64725150e+00  8.07907781e-03 -9.68917439e-01  8.07907781e-03  1.64724995e+00 
 8.08907781e-03  8.08907781e-03  8.08907781e-03  1.64694672e+00  8.08907781e-03 -1.82579119e+00  8.08907781e-03  1.64694526e+00 
 8.09907781e-03  8.09907781e-03  8.09907781e-03  1.64665348e+00  8.09907781e-03 -7.42984145e-01  8.09907781e-03  1.64665191e+00 
 8.10907781e-03  8.10907781e-03  8.10907781e-03  1.64637250e+00  8.10907781e-03 -1.57776684e+00  8.10907781e-03  1.64637101e+00 
 8.11907781e-03  8.11907781e-03  8.11907781e-03  1.64610533e+00  8.11907781e-03 -4.71486334e-01  8.11907781e-03  1.64610373e+00 
 8.12907781e-03  8.12907781e-03  8.12907781e-03  1.64585258e+00  8.12907781e-03 -1.28651125e+00  8.12907781e-03  1.64585106e+00 
 8.13907781e-03  8.13907781e-03  8.13907781e-03  1.64561570e+00  8.13907781e-03 -1.58884823e-01  8.13907781e-03  1.64561407e+00 
 8.14907781e-03  8.14907781e-03  8.14907781e-03  1.64539516e+00  8.14907781e-03 -9.56582863e-01  8.14907781e-03  1.64539361e+00 
 8.15907781e-03  8.15907781e-03  8.15907781e-03  1.64519230e+00  8.15907781e-03  1.89870243e-01  8.15907781e-03  1.64519064e+00 
 8.16907781e-03  8.16907781e-03  8.16907781e-03  1.64500748e+00  8.16907781e-03 -5.92887019e-01  8.16907781e-03  1.64500589e+00 
 8.17907781e-03  8.17907781e-03  8.17907781e-03  1.64484186e+00  8.17907781e-03  5.69285533e-01  8.17907781e-03  1.64484015e+00 
 8.18907781e-03  8.18907781e-03  8.18907781e-03  1.64469566e+00  8.18907781e-03 -2.01219584e-01  8.18907781e-03  1.64469404e+00 
 8.19907781e-03  8.19907781e-03  8.19907781e-03  1.64456991e+00  8.19907781e-03  9.73384278e-01  8.19907781e-03  1.64456817e+00 
 8.20907781e-03  8.20907781e-03  8.20907781e-03  1.64446465e+00  8.20907781e-03  2.11991331e-01  8.20907781e-03  1.64446299e+00 
 8.21907781e-03  8.21907781e-03  8.21907781e-03  1.64438075e+00  8.21907781e-03  1.39580039e+00  8.21907781e-03  1.64437896e+00 
 8.22907781e-03  8.22907781e-03  8.22907781e-03  1.64431809e+00  8.22907781e-03  6.40221011e-01  8.22907781e-03  1.64431638e+00 
 8.23907781e-03  8.23907781e-03  8.23907781e-03  1.64427736e+00  8.23907781e-03  1.82987894e+00  8.23907781e-03  1.64427553e+00 
 8.24907781e-03  8.24907781e-03  8.24907781e-03  1.64425828e+00  8.24907781e-03  1.07670921e+00  8.24907781e-03  1.64425653e+00 
 8.25907781e-03  8.25907781e-03  8.25907781e-03  1.64426136e+00  8.25907781e-03  2.26878104e+00  8.25907781e-03  1.64425949e+00 
 8.26907781e-03  8.26907781e-03  8.26907781e-03  1.64428617e+00  8.26907781e-03  1.51456544e+00  8.26907781e-03  1.64428437e+00 
 8.27907781e-03  8.27907781e-03  8.27907781e-03  1.64433303e+00  8.27907781e-03  2.70559177e+00  8.27907781e-03  1.64433111e+00 
 8.28907781e-03  8.28907781e-03  8.28907781e-03  1.64440132e+00  8.28907781e-03  1.94687762e+00  8.28907781e-03  1.64439948e+00 
 8.29907781e-03  8.29907781e-03  8.29907781e-03  1.64449121e+00  8.29907781e-03  3.13342919e+00  8.29907781e-03  1.64448925e+00 
 8.30907781e-03  8.30907781e-03  8.30907781e-03  1.64460191e+00  8.30907781e-03  2.36682110e+00  8.30907781e-03  1.64460003e+00 
 8.31907781e-03  8.31907781e-03  8.31907781e-03  1.64473342e+00  8.31907781e-03  3.54555287e+00  8.31907781e-03  1.64473142e+00 
 8.32907781e-03  8.32907781e-03  8.32907781e-03  1.64488478e+00  8.32907781e-03  2.76776628e+00  8.32907781e-03  1.64488286e+00 
 8.33907781e-03  8.33907781e-03  8.33907781e-03  1.64505583e+00  8.33907781e-03  3.93546694e+00  8.33907781e-03  1.64505379e+00 
 8.34907781e-03  8.34907781e-03  8.34907781e-03  1.64524547e+00  8.34907781e-03  3.14338319e+00  8.34907781e-03  1.64524351e+00 
 8.35907781e-03  8.35907781e-03  8.35907781e-03  1.64545335e+00  8.35907781e-03  4.29673126e+00  8.35907781e-03  1.64545128e+00 
 8.36907781e-03  8.36907781e-03  8.36907781e-03  1.64567825e+00  8.36907781e-03  3.48774121e+00  8.36907781e-03  1.64567626e+00 
 8.37907781e-03  8.37907781e-03  8.37907781e-03  1.64591969e+00  8.37907781e-03  4.62370681e+00  8.37907781e-03  1.64591758e+00 
 8.38907781e-03  8.38907781e-03  8.38907781e-03  1.64617629e+00  8.38907781e-03  3.79540258e+00  8.38907781e-03  1.64617426e+00 
 8.39907781e-03  8.39907781e-03  8.39907781e-03  1.64644746e+00  8.39907781e-03  4.91150798e+00  8.39907781e-03  1.64644532e+00 
 8.40907781e-03  8.40907781e-03  8.40907781e-03  1.64673172e+00  8.40907781e-03  4.06147190e+00  8.40907781e-03  1.64672967e+00 
 8.41907781e-03  8.41907781e-03  8.41907781e-03  1.64702836e+00  8.41907781e-03  5.15563515e+00  8.41907781e-03  1.64702619e+00 
 8.42907781e-03  8.42907781e-03  8.42907781e-03  1.64733577e+00  8.42907781e-03  4.28156994e+00  8.42907781e-03  1.64733370e+00 
 8.43907781e-03  8.43907781e-03  8.43907781e-03  1.64765319e+00  8.43907781e-03  5.35225244e+00  8.43907781e-03  1.64765101e+00 
 8.44907781e-03  8.44907781e-03  8.44907781e-03  1.64797892e+00  8.44907781e-03  4.45240181e+00  8.44907781e-03  1.64797683e+00 
 8.45907781e-03  8.45907781e-03  8.45907781e-03  1.64831212e+00  8.45907781e-03  5.49827154e+00  8.45907781e-03  1.64830992e+00 
 8.46907781e-03  8.46907781e-03  8.46907781e-03  1.64865103e+00  8.46907781e-03  4.57135709e+00  8.46907781e-03  1.64864892e+00 
 8.47907781e-03  8.47907781e-03  8.47907781e-03  1.64899475e+00  8.47907781e-03  5.59139603e+00  8.47907781e-03  1.64899254e+00 
 8.48907781e-03  8.48907781e-03  8.48907781e-03  1.64934150e+00  8.48907781e-03  4.63656999e+00  8.48907781e-03  1.64933939e+00 
 8.49907781e-03  8.49907781e-03  8.49907781e-03  1.64969034e+00  8.49907781e-03  5.63016548e+00  8.49907781e-03  1.64968813e+00 
 8.50907781e-03  8.50907781e-03  8.50907781e-03  1.65003947e+00  8.50907781e-03  4.64701092e+00  8.50907781e-03  1.65003736e+00 
 8.51907781e-03  8.51907781e-03  8.51907781e-03  1.65038794e+00  8.51907781e-03  5.61397597e+00  8.51907781e-03  1.65038573e+00 
 8.52907781e-03  8.52907781e-03  8.52907781e-03  1.65073394e+00  8.52907781e-03  4.60250673e+00  8.52907781e-03  1.65073183e+00 
 8.53907781e-03  8.53907781e-03  8.53907781e-03  1.65107655e+00  8.53907781e-03  5.54308969e+00  8.53907781e-03  1.65107434e+00 
 8.54907781e-03  8.54907781e-03  8.54907781e-03  1.65141398e+00  8.54907781e-03  4.50375174e+00  8.54907781e-03  1.65141187e+00 
 8.55907781e-03  8.55907781e-03  8.55907781e-03  1.65174533e+00  8.55907781e-03  5.41863065e+00  8.55907781e-03  1.65174314e+00 
 8.56907781e-03  8.56907781e-03  8.56907781e-03  1.65206886e+00  8.56907781e-03  4.35228555e+00  8.56907781e-03  1.65206678e+00 
 8.57907781e-03  8.57907781e-03  8.57907781e-03  1.65238374e+00  8.57907781e-03  5.24256688e+00  8.57907781e-03  1.65238157e+00 
 8.58907781e-03  8.58907781e-03  8.58907781e-03  1.65268828e+00  8.58907781e-03  4.15044384e+00  8.58907781e-03  1.65268622e+00 
 8.59907781e-03  8.59907781e-03  8.59907781e-03  1.65298173e+00  8.59907781e-03  5.01768148e+00  8.59907781e-03  1.65297958e+00 
 8.60907781e-03  8.60907781e-03  8.60907781e-03  1.65326247e+00  8.60907781e-03  3.90120478e+00  8.60907781e-03  1.65326043e+00 
 8.61907781e-03  8.61907781e-03  8.61907781e-03  1.65352985e+00  8.61907781e-03  4.74751927e+00  8.61907781e-03  1.65352772e+00 
 8.62907781e-03  8.62907781e-03  8.62907781e-03  1.65378236e+00  8.62907781e-03  3.60855674e+00  8.62907781e-03  1.65378034e+00 
 8.63907781e-03  8.63907781e-03  8.63907781e-03  1.65401945e+00  8.63907781e-03  4.43633337e+00  8.63907781e-03  1.65401735e+00 
 8.64907781e-03  8.64907781e-03  8.64907781e-03  1.65423974e+00  8.64907781e-03  3.27721571e+00  8.64907781e-03  1.65423776e+00 
 8.65907781e-03  8.65907781e-03  8.65907781e-03  1.65444281e+00  8.65907781e-03  4.08892634e+00  8.65907781e-03  1.65444075e+00 
 8.66907781e-03  8.66907781e-03  8.66907781e-03  1.65462740e+00  8.66907781e-03  2.91240180e+00  8.66907781e-03  1.65462545e+00 
 8.67907781e-03  8.67907781e-03  8.67907781e-03  1.65479322e+00  8.67907781e-03  3.71043675e+00  8.67907781e-03  1.65479120e+00 
 8.68907781e-03  8.68907781e-03  8.68907781e-03  1.65493918e+00  8.68907781e-03  2.51986131e+00  8.68907781e-03  1.65493727e+00 
 8.69907781e-03  8.69907781e-03  8.69907781e-03  1.65506514e+00  8.69907781e-03  3.30721002e+00  8.69907781e-03  1.65506315e+00 
 8.70907781e-03  8.70907781e-03  8.70907781e-03  1.65517016e+00  8.70907781e-03  2.10577790e+00  8.70907781e-03  1.65516829e+00 
 8.71907781e-03  8.71907781e-03  8.71907781e-03  1.65525427e+00  8.71907781e-03  2.88566667e+00  8.71907781e-03  1.65525232e+00 
 8.72907781e-03  8.72907781e-03  8.72907781e-03  1.65531669e+00  8.72907781e-03  1.67667494e+00  8.72907781e-03  1.65531487e+00 
 8.73907781e-03  8.73907781e-03  8.73907781e-03  1.65535763e+00  8.73907781e-03  2.45246167e+00  8.73907781e-03  1.65535573e+00 
 8.74907781e-03  8.74907781e-03  8.74907781e-03  1.65537647e+00  8.74907781e-03  1.23931268e+00  8.74907781e-03  1.65537469e+00 
 8.75907781e-03  8.75907781e-03  8.75907781e-03  1.65537359e+00  8.75907781e-03  2.01443389e+00  8.75907781e-03  1.65537173e+00 
 8.76907781e-03  8.76907781e-03  8.76907781e-03  1.65534855e+00  8.76907781e-03  8.00581612e-01  8.76907781e-03  1.65534681e+00 
 8.77907781e-03  8.77907781e-03  8.77907781e-03  1.65530190e+00  8.77907781e-03  1.57849826e+00  8.77907781e-03  1.65530008e+00 
 8.78907781e-03  8.78907781e-03  8.78907781e-03  1.65523337e+00  8.78907781e-03  3.67393823e-01  8.78907781e-03  1.65523168e+00 
 8.79907781e-03  8.79907781e-03  8.79907781e-03  1.65514368e+00  8.79907781e-03  1.15153672e+00  8.79907781e-03  1.65514191e+00 
 8.80907781e-03  8.80907781e-03  8.80907781e-03  1.65503275e+00  8.80907781e-03 -5.34260467e-02  8.80907781e-03  1.65503110e+00 
 8.81907781e-03  8.81907781e-03  8.81907781e-03  1.65490144e+00  8.81907781e-03  7.40289695e-01  8.81907781e-03  1.65489971e+00 
 8.82907781e-03  8.82907781e-03  8.82907781e-03  1.65474984e+00  8.82907781e-03 -4.55248335e-01  8.82907781e-03  1.65474823e+00 
 8.83907781e-03  8.83907781e-03  8.83907781e-03  1.65457899e+00  8.83907781e-03  3.51249783e-01  8.83907781e-03  1.65457730e+00 
 8.84907781e-03  8.84907781e-03  8.84907781e-03  1.65438913e+00  8.84907781e-03 -8.31651256e-01  8.84907781e-03  1.65438756e+00 
 8.85907781e-03  8.85907781e-03  8.85907781e-03  1.65418143e+00  8.85907781e-03 -9.44061134e-03  8.85907781e-03  1.65417978e+00 
 8.86907781e-03  8.86907781e-03  8.86907781e-03  1.65395631e+00  8.86907781e-03 -1.17637974e+00  8.86907781e-03  1.65395478e+00 
 8.87907781e-03  8.87907781e-03  8.87907781e-03  1.65371507e+00  8.87907781e-03 -3.36086109e-01  8.87907781e-03  1.65371345e+00 
 8.88907781e-03  8.88907781e-03  8.88907781e-03  1.65345825e+00  8.88907781e-03 -1.48437552e+00  8.88907781e-03  1.65345674e+00 
 8.89907781e-03  8.89907781e-03  8.89907781e-03  1.65318727e+00  8.89907781e-03 -6.23525727e-01  8.89907781e-03  1.65318568e+00 
 8.90907781e-03  8.90907781e-03  8.90907781e-03  1.65290279e+00  8.90907781e-03 -1.75087238e+00  8.90907781e-03  1.65290131e+00 
 8.91907781e-03  8.91907781e-03  8.91907781e-03  1.65260635e+00  8.91907781e-03 -8.67095993e-01  8.91907781e-03  1.65260478e+00 
 8.92907781e-03  8.92907781e-03  8.92907781e-03  1.65229870e+00  8.92907781e-03 -1.97168891e+00  8.92907781e-03  1.65229724e+00 
 8.93907781e-03  8.93907781e-03  8.93907781e-03  1.65198148e+00  8.93907781e-03 -1.06291949e+00  8.93907781e-03  1.65197994e+00 
 8.94907781e-03  8.94907781e-03  8.94907781e-03  1.65165552e+00  8.94907781e-03 -2.14335398e+00  8.94907781e-03  1.65165408e+00 
 8.95907781e-03  8.95907781e-03  8.95907781e-03  1.65132253e+00  8.95907781e-03 -1.20808829e+00  8.95907781e-03  1.65132100e+00 
 8.96907781e-03  8.96907781e-03  8.96907781e-03  1.65098338e+00  8.96907781e-03 -2.26317109e+00  8.96907781e-03  1.65098196e+00 
 8.97907781e-03  8.97907781e-03  8.97907781e-03  1.65063986e+00  8.97907781e-03 -1.30034471e+00  8.97907781e-03  1.65063834e+00 
 8.98907781e-03  8.98907781e-03  8.98907781e-03  1.65029288e+00  8.98907781e-03 -2.32925732e+00  8.98907781e-03  1.65029146e+00 
 8.99907781e-03  8.99907781e-03  8.99907781e-03  1.64994424e+00  8.99907781e-03 -1.33823702e+00  8.99907781e-03  1.64994272e+00 
 9.00907781e-03  9.00907781e-03  9.00907781e-03  1.64959488e+00  9.00907781e-03 -2.34057860e+00  9.00907781e-03  1.64959346e+00 
 9.01907781e-03  9.01907781e-03  9.01907781e-03  1.64924661e+00  9.01907781e-03 -1.32116289e+00  9.01907781e-03  1.64924509e+00 
 9.02907781e-03  9.02907781e-03  9.02907781e-03  1.64890037e+00  9.02907781e-03 -2.29696369e+00  9.02907781e-03  1.64889895e+00 
 9.03907781e-03  9.03907781e-03  9.03907781e-03  1.64855797e+00  9.03907781e-03 -1.24938350e+00  9.03907781e-03  1.64855645e+00 
 9.04907781e-03  9.04907781e-03  9.04907781e-03  1.64822031e+00  9.04907781e-03 -2.19910709e+00  9.04907781e-03  1.64821888e+00 
 9.05907781e-03  9.05907781e-03  9.05907781e-03  1.64788916e+00  9.05907781e-03 -1.12401802e+00  9.05907781e-03  1.64788762e+00 
 9.06907781e-03  9.06907781e-03  9.06907781e-03  1.64756539e+00  9.06907781e-03 -2.04855790e+00  9.06907781e-03  1.64756395e+00 
 9.07907781e-03  9.07907781e-03  9.07907781e-03  1.64725072e+00  9.07907781e-03 -9.47014622e-01  9.07907781e-03  1.64724916e+00 
 9.08907781e-03  9.08907781e-03  9.08907781e-03  1.64694593e+00  9.08907781e-03 -1.84769656e+00  9.08907781e-03  1.64694447e+00 
 9.09907781e-03  9.09907781e-03  9.09907781e-03  1.64665270e+00  9.09907781e-03 -7.21038894e-01  9.09907781e-03  1.64665113e+00 
 9.10907781e-03  9.10907781e-03  9.10907781e-03  1.64637171e+00  9.10907781e-03 -1.59969329e+00  9.10907781e-03  1.64637023e+00 
 9.11907781e-03  9.11907781e-03  9.11907781e-03  1.64610455e+00  9.11907781e-03 -4.49512864e-01  9.11907781e-03  1.64610295e+00 
 9.12907781e-03  9.12907781e-03  9.12907781e-03  1.64585180e+00  9.12907781e-03 -1.30845875e+00  9.12907781e-03  1.64585028e+00 
 9.13907781e-03  9.13907781e-03  9.13907781e-03  1.64561492e+00  9.13907781e-03 -1.36891765e-01  9.13907781e-03  1.64561329e+00 
 9.14907781e-03  9.14907781e-03  9.14907781e-03  1.64539439e+00  9.14907781e-03 -9.78556603e-01  9.14907781e-03  1.64539284e+00 
 9.15907781e-03  9.15907781e-03  9.15907781e-03  1.64519153e+00  9.15907781e-03  2.11882873e-01  9.15907781e-03  1.64518987e+00 
 9.16907781e-03  9.16907781e-03  9.16907781e-03  1.64500670e+00  9.16907781e-03 -6.14911644e-01  9.16907781e-03  1.64500512e+00 
 9.17907781e-03  9.17907781e-03  9.17907781e-03  1.64484109e+00  9.17907781e-03  5.91317745e-01  9.17907781e-03  1.64483938e+00 
 9.18907781e-03  9.18907781e-03  9.18907781e-03  1.64469489e+00  9.18907781e-03 -2.23264606e-01  9.18907781e-03  1.64469327e+00 
 9.19907781e-03  9.19907781e-03  9.19907781e-03  1.64456914e+00  9.19907781e-03  9.95436092e-01  9.19907781e-03  1.64456739e+00 
 9.20907781e-03  9.20907781e-03  9.20907781e-03  1.64446388e+00  9.20907781e-03  1.89926700e-01  9.20907781e-03  1.64446222e+00 
 9.21907781e-03  9.21907781e-03  9.21907781e-03  1.64437998e+00  9.21907781e-03  1.41787182e+00  9.21907781e-03  1.64437819e+00 
 9.22907781e-03  9.22907781e-03  9.22907781e-03  1.64431731e+00  9.22907781e-03  6.18136756e-01  9.22907781e-03  1.64431561e+00 
 9.23907781e-03  9.23907781e-03  9.23907781e-03  1.64427659e+00  9.23907781e-03  1.85197000e+00  9.23907781e-03  1.64427476e+00 
 9.24907781e-03  9.24907781e-03  9.24907781e-03  1.64425750e+00  9.24907781e-03  1.05460531e+00  9.24907781e-03  1.64425575e+00 
 9.25907781e-03  9.25907781e-03  9.25907781e-03  1.64426059e+00  9.25907781e-03  2.29089176e+00  9.25907781e-03  1.64425872e+00 
 9.26907781e-03  9.26907781e-03  9.26907781e-03  1.64428539e+00  9.26907781e-03  1.49244188e+00  9.26907781e-03  1.64428360e+00 
 9.27907781e-03  9.27907781e-03  9.27907781e-03  1.64433225e+00  9.27907781e-03  2.72772216e+00  9.27907781e-03  1.64433034e+00 
 9.28907781e-03  9.28907781e-03  9.28907781e-03  1.64440054e+00  9.28907781e-03  1.92473438e+00  9.28907781e-03  1.64439870e+00 
 9.29907781e-03  9.29907781e-03  9.29907781e-03  1.64449044e+00  9.29907781e-03  3.15557927e+00  9.29907781e-03  1.64448848e+00 
 9.30907781e-03  9.30907781e-03  9.30907781e-03  1.64460113e+00  9.30907781e-03  2.34465816e+00  9.30907781e-03  1.64459925e+00 
 9.31907781e-03  9.31907781e-03  9.31907781e-03  1.64473265e+00  9.31907781e-03  3.56772265e+00  9.31907781e-03  1.64473064e+00 
 9.32907781e-03  9.32907781e-03  9.32907781e-03  1.64488400e+00  9.32907781e-03  2.74558363e+00  9.32907781e-03  1.64488208e+00 
 9.33907781e-03  9.33907781e-03  9.33907781e-03  1.64505506e+00  9.33907781e-03  3.95765448e+00  9.33907781e-03  1.64505302e+00 
 9.34907781e-03  9.34907781e-03  9.34907781e-03  1.64524469e+00  9.34907781e-03  3.12118080e+00  9.34907781e-03  1.64524273e+00 
 9.35907781e-03  9.35907781e-03  9.35907781e-03  1.64545258e+00  9.35907781e-03  4.31890655e+00  9.35907781e-03  1.64545050e+00 
 9.36907781e-03  9.36907781e-03  9.36907781e-03  1.64567748e+00  9.36907781e-03  3.46551908e+00  9.36907781e-03  1.64567548e+00 
 9.37907781e-03  9.37907781e-03  9.37907781e-03  1.64591891e+00  9.37907781e-03  4.64589638e+00  9.37907781e-03  1.64591680e+00 
 9.38907781e-03  9.38907781e-03  9.38907781e-03  1.64617551e+00  9.38907781e-03  3.77316073e+00  9.38907781e-03  1.64617348e+00 
 9.39907781e-03  9.39907781e-03  9.39907781e-03  1.64644668e+00  9.39907781e-03  4.93371601e+00  9.39907781e-03  1.64644454e+00 
 9.40907781e-03  9.40907781e-03  9.40907781e-03  1.64673093e+00  9.40907781e-03  4.03922147e+00  9.40907781e-03  1.64672888e+00 
 9.41907781e-03  9.41907781e-03  9.41907781e-03  1.64702757e+00  9.41907781e-03  5.17786214e+00  9.41907781e-03  1.64702541e+00 
 9.42907781e-03  9.42907781e-03  9.42907781e-03  1.64733498e+00  9.42907781e-03  4.25932118e+00  9.42907781e-03  1.64733291e+00 
 9.43907781e-03  9.43907781e-03  9.43907781e-03  1.64765241e+00  9.43907781e-03  5.37450091e+00  9.43907781e-03  1.64765022e+00 
 9.44907781e-03  9.44907781e-03  9.44907781e-03  1.64797813e+00  9.44907781e-03  4.43013796e+00  9.44907781e-03  1.64797604e+00 
 9.45907781e-03  9.45907781e-03  9.45907781e-03  1.64831133e+00  9.45907781e-03  5.52053757e+00  9.45907781e-03  1.64830913e+00 
 9.46907781e-03  9.46907781e-03  9.46907781e-03  1.64865024e+00  9.46907781e-03  4.54907491e+00  9.46907781e-03  1.64864813e+00 
 9.47907781e-03  9.47907781e-03  9.47907781e-03  1.64899396e+00  9.47907781e-03  5.61368196e+00  9.47907781e-03  1.64899175e+00 
 9.48907781e-03  9.48907781e-03  9.48907781e-03  1.64934071e+00  9.48907781e-03  4.61426851e+00  9.48907781e-03  1.64933860e+00 
 9.49907781e-03  9.49907781e-03  9.49907781e-03  1.64968956e+00  9.49907781e-03  5.65247126e+00  9.49907781e-03  1.64968734e+00 
 9.50907781e-03  9.50907781e-03  9.50907781e-03  1.65003868e+00  9.50907781e-03  4.62468893e+00  9.50907781e-03  1.65003657e+00 
 9.51907781e-03  9.51907781e-03  9.51907781e-03  1.65038715e+00  9.51907781e-03  5.63630163e+00  9.51907781e-03  1.65038494e+00 
 9.52907781e-03  9.52907781e-03  9.52907781e-03  1.65073315e+00  9.52907781e-03  4.58016527e+00  9.52907781e-03  1.65073104e+00 
 9.53907781e-03  9.53907781e-03  9.53907781e-03  1.65107576e+00  9.53907781e-03  5.56543521e+00  9.53907781e-03  1.65107355e+00 
 9.54907781e-03  9.54907781e-03  9.54907781e-03  1.65141318e+00  9.54907781e-03  4.48138939e+00  9.54907781e-03  1.65141108e+00 
 9.55907781e-03  9.55907781e-03  9.55907781e-03  1.65174454e+00  9.55907781e-03  5.44099606e+00  9.55907781e-03  1.65174235e+00 
 9.56907781e-03  9.56907781e-03  9.56907781e-03  1.65206807e+00  9.56907781e-03  4.32990016e+00  9.56907781e-03  1.65206599e+00 
 9.57907781e-03  9.57907781e-03  9.57907781e-03  1.65238295e+00  9.57907781e-03  5.26495235e+00  9.57907781e-03  1.65238078e+00 
 9.58907781e-03  9.58907781e-03  9.58907781e-03  1.65268749e+00  9.58907781e-03  4.12802657e+00  9.58907781e-03  1.65268543e+00 
 9.59907781e-03  9.59907781e-03  9.59907781e-03  1.65298094e+00  9.59907781e-03  5.04008719e+00  9.59907781e-03  1.65297878e+00 
 9.60907781e-03  9.60907781e-03  9.60907781e-03  1.65326167e+00  9.60907781e-03  3.87874490e+00  9.60907781e-03  1.65325963e+00 
 9.61907781e-03  9.61907781e-03  9.61907781e-03  1.65352906e+00  9.61907781e-03  4.76994611e+00  9.61907781e-03  1.65352693e+00 
 9.62907781e-03  9.62907781e-03  9.62907781e-03  1.65378155e+00  9.62907781e-03  3.58607625e+00  9.62907781e-03  1.65377954e+00 
 9.63907781e-03  9.63907781e-03  9.63907781e-03  1.65401865e+00  9.63907781e-03  4.45878295e+00  9.63907781e-03  1.65401655e+00 
 9.64907781e-03  9.64907781e-03  9.64907781e-03  1.65423893e+00  9.64907781e-03  3.25471522e+00  9.64907781e-03  1.65423695e+00 
 9.65907781e-03  9.65907781e-03  9.65907781e-03  1.65444201e+00  9.65907781e-03  4.11141540e+00  9.65907781e-03  1.65443994e+00 
 9.66907781e-03  9.66907781e-03  9.66907781e-03  1.65462659e+00  9.66907781e-03  2.88988129e+00  9.66907781e-03  1.65462465e+00 
 9.67907781e-03  9.67907781e-03  9.67907781e-03  1.65479242e+00  9.67907781e-03  3.73296411e+00  9.67907781e-03  1.65479039e+00 
 9.68907781e-03  9.68907781e-03  9.68907781e-03  1.65493837e+00  9.68907781e-03  2.49732078e+00  9.68907781e-03  1.65493647e+00 
 9.69907781e-03  9.69907781e-03  9.69907781e-03  1.65506434e+00  9.69907781e-03  3.32975744e+00  9.69907781e-03  1.65506235e+00 
 9.70907781e-03  9.70907781e-03  9.70907781e-03  1.65516935e+00  9.70907781e-03  2.08321731e+00  9.70907781e-03  1.65516749e+00 
 9.71907781e-03  9.71907781e-03  9.71907781e-03  1.65525347e+00  9.71907781e-03  2.90823415e+00  9.71907781e-03  1.65525152e+00 
 9.72907781e-03  9.72907781e-03  9.72907781e-03  1.65531589e+00  9.72907781e-03  1.65409428e+00  9.72907781e-03  1.65531406e+00 
 9.73907781e-03  9.73907781e-03  9.73907781e-03  1.65535683e+00  9.73907781e-03  2.47504922e+00  9.73907781e-03  1.65535492e+00 
 9.74907781e-03  9.74907781e-03  9.74907781e-03  1.65537566e+00  9.74907781e-03  1.21671193e+00  9.74907781e-03  1.65537389e+00 
 9.75907781e-03  9.75907781e-03  9.75907781e-03  1.65537278e+00  9.75907781e-03  2.03704154e+00  9.75907781e-03  1.65537093e+00 
 9.76907781e-03  9.76907781e-03  9.76907781e-03  1.65534774e+00  9.76907781e-03  7.77960767e-01  9.76907781e-03  1.65534601e+00 
 9.77907781e-03  9.77907781e-03  9.77907781e-03  1.65530109e+00  9.77907781e-03  1.60112602e+00  9.77907781e-03  1.65529928e+00 
 9.78907781e-03  9.78907781e-03  9.78907781e-03  1.65523256e+00  9.78907781e-03  3.44752855e-01  9.78907781e-03  1.65523087e+00 
 9.79907781e-03  9.79907781e-03  9.79907781e-03  1.65514288e+00  9.79907781e-03  1.17418461e+00  9.79907781e-03  1.65514111e+00 
 9.80907781e-03  9.80907781e-03  9.80907781e-03  1.65503194e+00  9.80907781e-03 -7.60871524e-02  9.80907781e-03  1.65503029e+00 
 9.81907781e-03  9.81907781e-03  9.81907781e-03  1.65490064e+00  9.81907781e-03  7.62957731e-01  9.81907781e-03  1.65489891e+00 
 9.82907781e-03  9.82907781e-03  9.82907781e-03  1.65474904e+00  9.82907781e-03 -4.77929557e-01  9.82907781e-03  1.65474743e+00 
 9.83907781e-03  9.83907781e-03  9.83907781e-03  1.65457819e+00  9.83907781e-03  3.73937985e-01  9.83907781e-03  1.65457650e+00 
 9.84907781e-03  9.84907781e-03  9.84907781e-03  1.65438832e+00  9.84907781e-03 -8.54328756e-01  9.84907781e-03  1.65438675e+00 
 9.85907781e-03  9.85907781e-03  9.85907781e-03  1.65418063e+00  9.85907781e-03  1.32677773e-02  9.85907781e-03  1.65417898e+00 
 9.86907781e-03  9.86907781e-03  9.86907781e-03  1.65395551e+00  9.86907781e-03 -1.19906320e+00  9.86907781e-03  1.65395398e+00 
 9.87907781e-03  9.87907781e-03  9.87907781e-03  1.65371428e+00  9.87907781e-03 -3.13357513e-01  9.87907781e-03  1.65371265e+00 
 9.88907781e-03  9.88907781e-03  9.88907781e-03  1.65345745e+00  9.88907781e-03 -1.50707611e+00  9.88907781e-03  1.65345594e+00 
 9.89907781e-03  9.89907781e-03  9.89907781e-03  1.65318648e+00  9.89907781e-03 -6.00777905e-01  9.89907781e-03  1.65318488e+00 
 9.90907781e-03  9.90907781e-03  9.90907781e-03  1.65290199e+00  9.90907781e-03 -1.77359235e+00  9.90907781e-03  1.65290052e+00 
 9.91907781e-03  9.91907781e-03  9.91907781e-03  1.65260556e+00  9.91907781e-03 -8.44352368e-01  9.91907781e-03  1.65260399e+00 
 9.92907781e-03  9.92907781e-03  9.92907781e-03  1.65229790e+00  9.92907781e-03 -1.99442882e+00  9.92907781e-03  1.65229645e+00 
 9.93907781e-03  9.93907781e-03  9.93907781e-03  1.65198070e+00  9.93907781e-03 -1.04016650e+00  9.93907781e-03  1.65197915e+00 
 9.94907781e-03  9.94907781e-03  9.94907781e-03  1.65165472e+00  9.94907781e-03 -2.16611347e+00  9.94907781e-03  1.65165329e+00 
 9.95907781e-03  9.95907781e-03  9.95907781e-03  1.65132174e+00  9.95907781e-03 -1.18531746e+00  9.95907781e-03  1.65132021e+00 
 9.96907781e-03  9.96907781e-03  9.96907781e-03  1.65098259e+00  9.96907781e-03 -2.28595083e+00  9.96907781e-03  1.65098117e+00 
 9.97907781e-03  9.97907781e-03  9.97907781e-03  1.65063907e+00  9.97907781e-03 -1.27755494e+00  9.97907781e-03  1.65063755e+00 
 9.98907781e-03  9.98907781e-03  9.98907781e-03  1.65029208e+00  9.98907781e-03 -2.35205738e+00  9.98907781e-03  1.65029067e+00 
 9.99907781e-03  9.99907781e-03  9.99907781e-03  1.64994345e+00  9.99907781e-03 -1.31542727e+00  9.99907781e-03  1.64994193e+00 
 1.00000000e-02  1.00000000e-02  1.00000000e-02  1.64991113e+00  1.00000000e-02 -2.36530236e+00  1.00000000e-02  1.64990971e+00 
